#
# A fatal error has been detected by the Java Runtime Environment:
#
#  SIGBUS (0xa) at pc=0x000000010afad52c, pid=88237, tid=41219
#
# JRE version: OpenJDK Runtime Environment (26.0+35) (build 26+35-2893)
# Java VM: OpenJDK 64-Bit Server VM (26+35-2893, mixed mode, sharing, tiered, compressed oops, compressed class ptrs, g1 gc, bsd-aarch64)
# Problematic frame:
# V  [libjvm.dylib+0x45952c]  G1ParScanThreadState::do_copy_to_survivor_space(G1HeapRegionAttr, oopDesc*, markWord)+0x64
#
# No core dump will be written. Core dumps have been disabled. To enable core dumping, try "ulimit -c unlimited" before starting Java again
#
# If you would like to submit a bug report, please visit:
#   https://bugreport.java.com/bugreport/crash.jsp
#

---------------  S U M M A R Y ------------

Command Line: tlc2.TLC DbspSpec

Host: "Mac14,14" arm64, 24 cores, 192G, Darwin 25.4.0, macOS 26.4.1 (25E253)
Time: Sun Jun  7 00:40:57 2026 EDT elapsed time: 9.534851 seconds (0d 0h 0m 9s)

---------------  T H R E A D  ---------------

Current thread (0x0000000a27867000):  WorkerThread "GC Thread#2"    [id=41219, stack(0x000000016e368000,0x000000016e56b000) (2060K)]

Stack: [0x000000016e368000,0x000000016e56b000],  sp=0x000000016e56aa00,  free space=2058k
Native frames: (J=compiled Java code, j=interpreted, Vv=VM code, C=native code)
V  [libjvm.dylib+0x45952c]  G1ParScanThreadState::do_copy_to_survivor_space(G1HeapRegionAttr, oopDesc*, markWord)+0x64
V  [libjvm.dylib+0x458640]  G1ParScanThreadState::trim_queue_to_threshold(unsigned int)+0xf4c
V  [libjvm.dylib+0x467944]  G1ScanHRForRegionClosure::scan_memregion(unsigned int, MemRegion, unsigned long&)+0xec
V  [libjvm.dylib+0x467818]  G1ScanHRForRegionClosure::do_claimed_block(unsigned int, unsigned char*, unsigned char*, unsigned long&)+0x288
V  [libjvm.dylib+0x4674f4]  void G1ChunkScanner::on_dirty_cards<G1ScanHRForRegionClosure::scan_heap_roots(G1HeapRegion*)::'lambda'(unsigned char*, unsigned char*)>(G1ScanHRForRegionClosure::scan_heap_roots(G1HeapRegion*)::'lambda'(unsigned char*, unsigned char*)&&)+0x254
V  [libjvm.dylib+0x467220]  G1ScanHRForRegionClosure::scan_heap_roots(G1HeapRegion*)+0xf4
V  [libjvm.dylib+0x467110]  G1ScanHRForRegionClosure::do_heap_region(G1HeapRegion*)+0x5c
V  [libjvm.dylib+0x4661a4]  G1RemSet::scan_heap_roots(G1ParScanThreadState*, unsigned int, G1GCPhaseTimes::GCParPhases, G1GCPhaseTimes::GCParPhases, bool)+0x104
V  [libjvm.dylib+0x47f894]  G1EvacuateRegionsTask::scan_roots(G1ParScanThreadState*, unsigned int)+0x44
V  [libjvm.dylib+0x47f758]  G1EvacuateRegionsBaseTask::work(unsigned int)+0xe4
V  [libjvm.dylib+0xb1cc34]  WorkerThread::run()+0x94
V  [libjvm.dylib+0xa54e34]  Thread::call_run()+0xc8
V  [libjvm.dylib+0x8b3e78]  thread_native_entry(Thread*)+0x118
C  [libsystem_pthread.dylib+0x6c58]  _pthread_start+0x88

siginfo: si_signo: 10 (SIGBUS), si_code: 1 (BUS_ADRALN), si_addr: 0x0000030007e3f4fc

Registers:
 x0=0x0000000a2b404500  x1=0x0000000000000001  x2=0x000000703f1fa7c8  x3=0xefaa331defaa32b0
 x4=0x0000000000000002  x5=0x0000000000000000  x6=0xffffffffbfc007ff  x7=0xfffff0003ffff800
 x8=0x0000000007e3f4f4  x9=0x0000030000000000 x10=0x0000000000000000 x11=0x0000000000000000
x12=0x000000000001ffff x13=0xefa2ab4eefa2ab4e x14=0x000000000001fffe x15=0x000000010b8d8620
x16=0x000000018a75c0a0 x17=0x0000000a268ccae0 x18=0x0000000000000000 x19=0x0000000a2b404500
x20=0x000000703f1fa7c8 x21=0x0000030007e3f4f4 x22=0x0000000a2b404640 x23=0x000000016e56ab88
x24=0x000000016e56ac2c x25=0xefaa331defaa32b0 x26=0x0000000000000001 x27=0x000000010b8d8638
x28=0x000000010b8d8620  fp=0x000000016e56aa70  lr=0x000000010afac640  sp=0x000000016e56aa00
pc=0x000000010afad52c cpsr=0x0000000060001000

Register to memory mapping:

x0 =0x0000000a2b404500 points into unknown readable memory: 0x000000010b879d10 | 10 9d 87 0b 01 00 00 00
x1 =0x0000000000000001 is an unknown value
x2 =0x000000703f1fa7c8 is pointing into object: tlc2.value.impl.FcnParams 
{0x000000703f1fa7b8} - klass: 'tlc2/value/impl/FcnParams' - flags: 

 - ---- fields (total size 4 words):
 - public 'argLen' 'I' @12  1 (0x00000001)
 - public 'formals' '[[Ltla2sany/semantic/FormalParamNode;' @16  a 'tla2sany/semantic/FormalParamNode'[][1] {0x000000777d519580} (0xefaa32b0)
 - public 'isTuples' '[Z' @20  [Z{0x000000777d5198e8} (0xefaa331d)
 - public 'domains' '[Ltlc2/value/impl/Value;' @24  a 'tlc2/value/impl/Value'[1] {0x000000703f1fa7a0} (0x07e3f4f4)
x3 =0xefaa331defaa32b0 is an unknown value
x4 =0x0000000000000002 is an unknown value
x5 =0x0 is null
x6 =0xffffffffbfc007ff is an unknown value
x7 =0xfffff0003ffff800 is an unknown value
x8 =132379892 is a compressed pointer to object: [Ltlc2.value.impl.Value; 
{0x000000703f1fa7a0} - klass: 'tlc2/value/impl/Value'[] - flags: is_cloneable_fast 

 - length: 1
x9 =0x0000030000000000 points into nKlass protection zone
x10=0x0 is null
x11=0x0 is null
x12=0x000000000001ffff is an unknown value
x13=0xefa2ab4eefa2ab4e is an unknown value
x14=0x000000000001fffe is an unknown value
x15=0x000000010b8d8620: _ZN12G1HeapRegion17LogOfHRGrainBytesE+0 in /Users/acehack/.local/share/mise/installs/java/26.0.0/lib/server/libjvm.dylib at 0x000000010ab54000
x16=0x000000018a75c0a0: mach_absolute_time+0 in /usr/lib/system/libsystem_kernel.dylib at 0x000000018a75b000
x17=0x0000000a268ccae0 points into unknown readable memory: 0x0000000000000010 | 10 00 00 00 00 00 00 00
x18=0x0 is null
x19=0x0000000a2b404500 points into unknown readable memory: 0x000000010b879d10 | 10 9d 87 0b 01 00 00 00
x20=0x000000703f1fa7c8 is pointing into object: tlc2.value.impl.FcnParams 
{0x000000703f1fa7b8} - klass: 'tlc2/value/impl/FcnParams' - flags: 

 - ---- fields (total size 4 words):
 - public 'argLen' 'I' @12  1 (0x00000001)
 - public 'formals' '[[Ltla2sany/semantic/FormalParamNode;' @16  a 'tla2sany/semantic/FormalParamNode'[][1] {0x000000777d519580} (0xefaa32b0)
 - public 'isTuples' '[Z' @20  [Z{0x000000777d5198e8} (0xefaa331d)
 - public 'domains' '[Ltlc2/value/impl/Value;' @24  a 'tlc2/value/impl/Value'[1] {0x000000703f1fa7a0} (0x07e3f4f4)
x21=0x0000030007e3f4f4 is pointing into metadata
x22=0x0000000a2b404640 points into unknown readable memory: 0x000000010b879d30 | 30 9d 87 0b 01 00 00 00
x23=0x000000016e56ab88 points into unknown readable memory: 0x0000000000000d36 | 36 0d 00 00 00 00 00 00
x24=0x000000016e56ac2c points into unknown readable memory: 7c 07 00 00
x25=0xefaa331defaa32b0 is an unknown value
x26=0x0000000000000001 is an unknown value
x27=0x000000010b8d8638: _ZN12G1HeapRegion14CardsPerRegionE+0 in /Users/acehack/.local/share/mise/installs/java/26.0.0/lib/server/libjvm.dylib at 0x000000010ab54000
x28=0x000000010b8d8620: _ZN12G1HeapRegion17LogOfHRGrainBytesE+0 in /Users/acehack/.local/share/mise/installs/java/26.0.0/lib/server/libjvm.dylib at 0x000000010ab54000
 fp=0x000000016e56aa70 points into unknown readable memory: 0x000000016e56ab00 | 00 ab 56 6e 01 00 00 00
 lr=0x000000010afac640: _ZN20G1ParScanThreadState23trim_queue_to_thresholdEj+0xf4c in /Users/acehack/.local/share/mise/installs/java/26.0.0/lib/server/libjvm.dylib at 0x000000010ab54000
 sp=0x000000016e56aa00 points into unknown readable memory: 0x0000000a254f1268 | 68 12 4f 25 0a 00 00 00

Top of Stack: (sp=0x000000016e56aa00)
0x000000016e56aa00:   0000000a254f1268 0000000000000000   h.O%............
0x000000016e56aa10:   000000011c000001 0000000000000001   ................
0x000000016e56aa20:   000000010b8d8620 000000010b8d8638    .......8.......
0x000000016e56aa30:   000000703cf390ec 0000000a27041fc8   ...<p......'....
0x000000016e56aa40:   000000016e56ac2c 000000016e56ab88   ,.Vn......Vn....
0x000000016e56aa50:   0000000a2b404640 0000000a26845200   @F@+.....R.&....
0x000000016e56aa60:   0000000a2b404500 000000000001fffe   .E@+............
0x000000016e56aa70:   000000016e56ab00 000000010afac640   ..Vn....@.......
0x000000016e56aa80:   000000777d57cb18 0000000a2b404678   ..W}w...xF@+....
0x000000016e56aa90:   0000000a2b404670 0000000a2b404750   pF@+....PG@+....
0x000000016e56aaa0:   0000000a2b4046b8 000000400afbc3a4   .F@+........@...
0x000000016e56aab0:   000000010b8d8624 000000010b8d8638   $.......8.......
0x000000016e56aac0:   000000000000077c 0000000a27041fc8   |..........'....
0x000000016e56aad0:   000000016e56ac2c 000000016e56ab88   ,.Vn......Vn....
0x000000016e56aae0:   0000000000000000 000000023832eb90   ..........28....
0x000000016e56aaf0:   0000000a2b404500 000000777d580000   .E@+......X}w...
0x000000016e56ab00:   000000016e56ab70 000000010afbb944   p.Vn....D.......
0x000000016e56ab10:   000000016e56abb0 000000010b87a098   ..Vn............
0x000000016e56ab20:   0000000000000000 00000001055d7090   .........p].....
0x000000016e56ab30:   0000000a2b404500 000000016e56ab88   .E@+......Vn....
0x000000016e56ab40:   000000016e56ac2c 0000000a270de418   ,.Vn.......'....
0x000000016e56ab50:   0101010101010101 000000012b0aec00   ...........+....
0x000000016e56ab60:   000000000000001b 000000016e56ace8   ..........Vn....
0x000000016e56ab70:   000000016e56aba0 000000010afbb818   ..Vn............
0x000000016e56ab80:   000000016e56abd0 0000000000000d36   ..Vn....6.......
0x000000016e56ab90:   000000016e56ac10 000000016e56abf8   ..Vn......Vn....
0x000000016e56aba0:   000000016e56abd0 000000010afbb4f4   ..Vn............
0x000000016e56abb0:   000000016e56ac20 000000016e56ace8    .Vn......Vn....
0x000000016e56abc0:   0000000a270de400 0000000a2580e7c0   ...'.......%....
0x000000016e56abd0:   000000016e56ac80 000000010afbb220   ..Vn.... .......
0x000000016e56abe0:   0000000a272aa108 00000000000003d8   ..*'............
0x000000016e56abf0:   0000000a270de7f0 000000016e56ace8   ...'......Vn....

Instructions: (pc=0x000000010afad52c)
  0x000000010afad42c:   f4 4f 46 a9 f6 57 45 a9 f8 5f 44 a9 fa 67 43 a9
  0x000000010afad43c:   fc 6f 42 a9 ff 03 02 91 c0 03 5f d6 48 00 00 35
  0x000000010afad44c:   df 02 40 f9 88 02 80 b9 09 2d 00 11 29 71 1d 12
  0x000000010afad45c:   d3 c2 29 8b 09 7c 60 d3 69 76 89 8b c8 6a a8 b8
  0x000000010afad46c:   68 0e 08 8b 1f 01 09 eb 34 81 88 9a 9f 02 13 eb
  0x000000010afad47c:   49 fd ff 54 e0 03 18 aa e1 03 13 aa 98 04 00 94
  0x000000010afad48c:   73 22 00 91 7f 02 14 eb 63 ff ff 54 e3 ff ff 17
  0x000000010afad49c:   48 48 00 b0 08 61 17 91 08 01 40 b9 1f 01 17 6b
  0x000000010afad4ac:   60 fa ff 54 d5 ff ff 17 e0 03 14 aa e1 03 16 aa
  0x000000010afad4bc:   e2 03 18 aa e0 25 fb 97 08 ff ff 17 ff 03 02 d1
  0x000000010afad4cc:   fc 6f 02 a9 fa 67 03 a9 f8 5f 04 a9 f6 57 05 a9
  0x000000010afad4dc:   f4 4f 06 a9 fd 7b 07 a9 fd c3 01 91 f9 03 03 aa
  0x000000010afad4ec:   f4 03 02 aa fa 03 01 aa f3 03 00 aa 48 49 00 f0
  0x000000010afad4fc:   08 e5 20 91 08 01 40 39 48 02 00 34 28 ff 6a d3
  0x000000010afad50c:   a9 47 00 d0 29 c1 29 91 29 01 40 f9 aa 47 00 d0
  0x000000010afad51c:   4a e1 29 91 4a 01 40 b9 08 21 ca 9a 15 01 09 8b
=>0x000000010afad52c:   a8 0a 40 b9 1f 05 00 71 ab 02 00 54 a8 02 00 37
  0x000000010afad53c:   18 fd 43 d3 5f 1f 70 f2 a1 05 00 54 3e 00 00 14
  0x000000010afad54c:   28 48 00 f0 08 41 0f 91 08 01 40 b9 1f 05 00 71
  0x000000010afad55c:   a0 00 00 54 c8 00 00 35 88 02 40 f9 08 fd 6a d3
  0x000000010afad56c:   e8 ff ff 17 88 0a 40 b9 e6 ff ff 17 95 06 40 f9
  0x000000010afad57c:   a8 0a 40 b9 1f 05 00 71 aa fd ff 54 48 01 f8 37
  0x000000010afad58c:   a8 02 40 f9 08 85 40 f9 e0 03 15 aa e1 03 14 aa
  0x000000010afad59c:   00 01 3f d6 f8 03 00 aa 5f 1f 70 f2 81 02 00 54
  0x000000010afad5ac:   25 00 00 14 a9 49 00 90 29 d1 30 91 29 01 80 b9
  0x000000010afad5bc:   89 6a a9 b8 29 21 c8 9a 08 5d 10 53 ca 47 00 90
  0x000000010afad5cc:   4a c1 32 91 4a 01 80 b9 28 01 08 8b 48 01 08 8b
  0x000000010afad5dc:   08 05 00 d1 e9 03 0a 4b 29 7d 40 93 08 01 09 8a
  0x000000010afad5ec:   18 fd 43 d3 5f 1f 70 f2 60 02 00 54 a8 1a 40 79
  0x000000010afad5fc:   1f 15 00 71 01 02 00 54 44 5f 40 92 e0 03 13 aa
  0x000000010afad60c:   e1 03 14 aa e2 03 19 aa e3 03 15 aa e5 03 18 aa
  0x000000010afad61c:   26 00 80 52 fd 7b 47 a9 f4 4f 46 a9 f6 57 45 a9


Stack slot to memory mapping:

stack at sp + 0 slots: 0x0000000a254f1268 points into unknown readable memory: 0x0000030001065d18 | 18 5d 06 01 00 03 00 00
stack at sp + 1 slots: 0x0 is null
stack at sp + 2 slots: 0x000000011c000001 points into unknown readable memory: 00 00 00 00 00 00 00
stack at sp + 3 slots: 0x0000000000000001 is an unknown value
stack at sp + 4 slots: 0x000000010b8d8620: _ZN12G1HeapRegion17LogOfHRGrainBytesE+0 in /Users/acehack/.local/share/mise/installs/java/26.0.0/lib/server/libjvm.dylib at 0x000000010ab54000
stack at sp + 5 slots: 0x000000010b8d8638: _ZN12G1HeapRegion14CardsPerRegionE+0 in /Users/acehack/.local/share/mise/installs/java/26.0.0/lib/server/libjvm.dylib at 0x000000010ab54000
stack at sp + 6 slots: 
[error occurred during error reporting (inspecting top of stack), id 0xa, SIGBUS (0xa) at pc=0x000000010af5d26c]
stack at sp + 7 slots: 0x0000000a27041fc8 points into unknown readable memory: 0x000000000000077e | 7e 07 00 00 00 00 00 00


---------------  P R O C E S S  ---------------

Threads class SMR info:
_java_thread_list=0x0000000a2730c9e0, length=14, elements={
0x00000001055d2490, 0x0000000a270b8000, 0x0000000a270b8800, 0x0000000a270b9000,
0x0000000a270b9800, 0x0000000a270ba000, 0x0000000a27805e00, 0x0000000a27806800,
0x0000000a270ba800, 0x0000000a270bb000, 0x0000000a27832800, 0x0000000a27291000,
0x0000000a27291800, 0x0000000a27292000
}

Java Threads: ( => current thread )
  0x00000001055d2490 JavaThread "main"                              [_thread_blocked, id=3587, stack(0x000000016b130000,0x000000016b333000) (2060K)]
  0x0000000a270b8000 JavaThread "Reference Handler"          daemon [_thread_blocked, id=24835, stack(0x000000016c4b4000,0x000000016c6b7000) (2060K)]
  0x0000000a270b8800 JavaThread "Finalizer"                  daemon [_thread_blocked, id=28931, stack(0x000000016c6c0000,0x000000016c8c3000) (2060K)]
  0x0000000a270b9000 JavaThread "Signal Dispatcher"          daemon [_thread_blocked, id=28419, stack(0x000000016c8cc000,0x000000016cacf000) (2060K)]
  0x0000000a270b9800 JavaThread "Service Thread"             daemon [_thread_blocked, id=25347, stack(0x000000016cad8000,0x000000016ccdb000) (2060K)]
  0x0000000a270ba000 JavaThread "Monitor Deflation Thread"   daemon [_thread_blocked, id=25859, stack(0x000000016cce4000,0x000000016cee7000) (2060K)]
  0x0000000a27805e00 JavaThread "C2 CompilerThread0"         daemon [_thread_blocked, id=26115, stack(0x000000016cef0000,0x000000016d0f3000) (2060K)]
  0x0000000a27806800 JavaThread "C1 CompilerThread0"         daemon [_thread_blocked, id=26627, stack(0x000000016d0fc000,0x000000016d2ff000) (2060K)]
  0x0000000a270ba800 JavaThread "Notification Thread"        daemon [_thread_blocked, id=27395, stack(0x000000016d308000,0x000000016d50b000) (2060K)]
  0x0000000a270bb000 JavaThread "Common-Cleaner"             daemon [_thread_blocked, id=26883, stack(0x000000016d514000,0x000000016d717000) (2060K)]
  0x0000000a27832800 JavaThread "ForkJoinPool.commonPool-worker-1" daemon [_thread_blocked, id=33795, stack(0x000000016df50000,0x000000016e153000) (2060K)]
  0x0000000a27291000 JavaThread "TLCStatePoolReader"         daemon [_thread_blocked, id=35075, stack(0x000000016eb98000,0x000000016ed9b000) (2060K)]
  0x0000000a27291800 JavaThread "TLCStatePoolWriter"         daemon [_thread_blocked, id=35331, stack(0x000000016eda4000,0x000000016efa7000) (2060K)]
  0x0000000a27292000 JavaThread "TLCStatePoolCleaner"        daemon [_thread_blocked, id=39427, stack(0x000000016efb0000,0x000000016f1b3000) (2060K)]
Total: 14

Other Threads:
  0x0000000a27812400 VMThread "VM Thread"                           [id=19203, stack(0x000000016c190000,0x000000016c393000) (2060K)]
  0x0000000a27811c00 WatcherThread "VM Periodic Task Thread"        [id=20231, stack(0x000000016bf84000,0x000000016c187000) (2060K)]
  0x00000001055dddd0 WorkerThread "GC Thread#0"                     [id=14083, stack(0x000000016b33c000,0x000000016b53f000) (2060K)]
  0x0000000a27866c00 WorkerThread "GC Thread#1"                     [id=34051, stack(0x000000016e15c000,0x000000016e35f000) (2060K)]
=>0x0000000a27867000 WorkerThread "GC Thread#2"                     [id=41219, stack(0x000000016e368000,0x000000016e56b000) (2060K)]
  0x0000000a27867400 WorkerThread "GC Thread#3"                     [id=40707, stack(0x000000016e574000,0x000000016e777000) (2060K)]
  0x0000000a272d6000 WorkerThread "GC Thread#4"                     [id=38403, stack(0x000000016f3c8000,0x000000016f5cb000) (2060K)]
  0x0000000a278bcc00 WorkerThread "GC Thread#5"                     [id=36611, stack(0x000000016fe04000,0x0000000170007000) (2060K)]
  0x0000000a278bf800 WorkerThread "GC Thread#6"                     [id=43523, stack(0x0000000170010000,0x0000000170213000) (2060K)]
  0x0000000a278bfc00 WorkerThread "GC Thread#7"                     [id=44035, stack(0x000000017021c000,0x000000017041f000) (2060K)]
  0x0000000a27218000 WorkerThread "GC Thread#8"                     [id=65283, stack(0x0000000170428000,0x000000017062b000) (2060K)]
  0x0000000a27827400 WorkerThread "GC Thread#9"                     [id=64771, stack(0x0000000170634000,0x0000000170837000) (2060K)]
  0x0000000a27827c00 WorkerThread "GC Thread#10"                    [id=64259, stack(0x0000000170840000,0x0000000170a43000) (2060K)]
  0x0000000a27294c00 WorkerThread "GC Thread#11"                    [id=64003, stack(0x0000000170a4c000,0x0000000170c4f000) (2060K)]
  0x0000000a27864c00 WorkerThread "GC Thread#12"                    [id=44803, stack(0x0000000170c58000,0x0000000170e5b000) (2060K)]
  0x0000000a272d6400 WorkerThread "GC Thread#13"                    [id=45315, stack(0x0000000170e64000,0x0000000171067000) (2060K)]
  0x0000000a27304000 WorkerThread "GC Thread#14"                    [id=63491, stack(0x0000000171070000,0x0000000171273000) (2060K)]
  0x0000000a27304400 WorkerThread "GC Thread#15"                    [id=46083, stack(0x000000017127c000,0x000000017147f000) (2060K)]
  0x0000000a27304800 WorkerThread "GC Thread#16"                    [id=46595, stack(0x0000000171488000,0x000000017168b000) (2060K)]
  0x0000000a27306800 WorkerThread "GC Thread#17"                    [id=33031, stack(0x000000016d92c000,0x000000016db2f000) (2060K)]
  0x00000001055df1e0 ConcurrentGCThread "G1 Main Marker"            [id=13827, stack(0x000000016b548000,0x000000016b74b000) (2060K)]
  0x00000001055dfc00 WorkerThread "G1 Conc#0"                       [id=13059, stack(0x000000016b754000,0x000000016b957000) (2060K)]
  0x0000000a272d6800 WorkerThread "G1 Conc#1"                       [id=38147, stack(0x000000016f5d4000,0x000000016f7d7000) (2060K)]
  0x0000000a272d6c00 WorkerThread "G1 Conc#2"                       [id=37635, stack(0x000000016f7e0000,0x000000016f9e3000) (2060K)]
  0x0000000a272d7000 WorkerThread "G1 Conc#3"                       [id=37123, stack(0x000000016f9ec000,0x000000016fbef000) (2060K)]
  0x0000000a272d7400 WorkerThread "G1 Conc#4"                       [id=35843, stack(0x000000016fbf8000,0x000000016fdfb000) (2060K)]
  0x0000000a27810800 WorkerThread "G1 Refinement Workers#0"         [id=21251, stack(0x000000016bb6c000,0x000000016bd6f000) (2060K)]
  0x0000000a27808500 ConcurrentGCThread "G1 Refine Control"         [id=16387, stack(0x000000016b960000,0x000000016bb63000) (2060K)]
  0x0000000a27808a00 ConcurrentGCThread "G1 Service"                [id=20739, stack(0x000000016bd78000,0x000000016bf7b000) (2060K)]
Total: 29

Threads with active compile tasks:
Total: 0

VM state: at safepoint (normal execution)

VM Mutex/Monitor currently owned by a thread:  ([mutex/lock_event])
[0x000000010b950c90] Threads_lock - owner thread: 0x0000000a27812400
[0x000000010b950f10] Heap_lock - owner thread: 0x00000001055d2490

Heap address: 0x0000007001000000, size: 30688 MB, Compressed Oops mode: Non-zero disjoint base: 0x0000007000000000, Oop shift amount: 3

CDS archive(s) mapped at: [0x0000030000000000-0x0000030000dac000-0x0000030000dac000), size 14336000, SharedBaseAddress: 0x0000030000000000, ArchiveRelocationMode: 1.
Compressed class space mapped at: 0x0000030001000000-0x0000030041000000, reserved size: 1073741824
UseCompressedClassPointers 1, UseCompactObjectHeaders 0
Narrow klass pointer bits 32, Max shift 3
Narrow klass base: 0x0000030000000000, Narrow klass shift: 0
Encoding Range: [0x0000030000000000 - 0x0000030100000000), (4294967296 bytes)
Klass Range:    [0x0000030000000000 - 0x0000030041000000), (1090519040 bytes)
Klass ID Range:  [8 - 1090519033) (1090519025)
Protection zone: [0x0000030000000000 - 0x0000030000004000), (16384 bytes)

GC Precious Log:
 CardTable entry size: 512
 Card Set container configuration: InlinePtr #cards 3 size 8 Array Of Cards #cards 128 size 272 Howl #buckets 8 coarsen threshold 29491 Howl Bitmap #cards 4096 size 528 coarsen threshold 3686 Card regions per heap region 1 cards per card region 32768
 CPUs: 24 total, 24 available
 Memory: 192G
 Large Page Support: Disabled
 NUMA Support: Disabled
 Compressed Oops: Enabled (Non-zero disjoint base)
 Heap Region Size: 16M
 Heap Min Capacity: 16M
 Heap Initial Capacity: 16M
 Heap Max Capacity: 30688M
 Pre-touch: Disabled
 Parallel Workers: 18
 Concurrent Workers: 5
 Concurrent Refinement Workers: 18
 Periodic GC: Disabled

Heap:
 garbage-first heap   total reserved 31424512K, committed 2211840K, used 1509603K [0x0000007001000000, 0x000000777f000000)
  region size 16M, 74 eden (1184M), 6 survivor (96M), 2 old (32M), 10 humongous (160M), 35 free (560M)

Heap Regions: E=young(eden), S=young(survivor), O=old, HS=humongous(starts), HC=humongous(continues), CS=collection set, F=free, TAMS=top-at-mark-start, PB=parsable bottom
|    0|0x0000007001000000, 0x0000007002000000, 0x0000007002000000|100%| O|  |TAMS 0x0000007001000000| PB 0x0000007001000000| Untracked |  0
|    1|0x0000007002000000, 0x0000007002940c80, 0x0000007003000000| 57%| O|  |TAMS 0x0000007002000000| PB 0x0000007002000000| Untracked |  0
|    2|0x0000007003000000, 0x0000007003000000, 0x0000007004000000|  0%| F|  |TAMS 0x0000007003000000| PB 0x0000007003000000| Untracked |  0
|    3|0x0000007004000000, 0x0000007005000000, 0x0000007005000000|100%|HS|  |TAMS 0x0000007004000000| PB 0x0000007004000000| Complete  |  0
|    4|0x0000007005000000, 0x0000007006000000, 0x0000007006000000|100%|HC|  |TAMS 0x0000007005000000| PB 0x0000007005000000| Complete  |  0
|    5|0x0000007006000000, 0x0000007007000000, 0x0000007007000000|100%|HC|  |TAMS 0x0000007006000000| PB 0x0000007006000000| Complete  |  0
|    6|0x0000007007000000, 0x0000007008000000, 0x0000007008000000|100%|HC|  |TAMS 0x0000007007000000| PB 0x0000007007000000| Complete  |  0
|    7|0x0000007008000000, 0x0000007009000000, 0x0000007009000000|100%|HC|  |TAMS 0x0000007008000000| PB 0x0000007008000000| Complete  |  0
|    8|0x0000007009000000, 0x000000700a000000, 0x000000700a000000|100%|HS|  |TAMS 0x0000007009000000| PB 0x0000007009000000| Complete  |  0
|    9|0x000000700a000000, 0x000000700b000000, 0x000000700b000000|100%|HC|  |TAMS 0x000000700a000000| PB 0x000000700a000000| Complete  |  0
|   10|0x000000700b000000, 0x000000700c000000, 0x000000700c000000|100%|HC|  |TAMS 0x000000700b000000| PB 0x000000700b000000| Complete  |  0
|   11|0x000000700c000000, 0x000000700d000000, 0x000000700d000000|100%|HC|  |TAMS 0x000000700c000000| PB 0x000000700c000000| Complete  |  0
|   12|0x000000700d000000, 0x000000700e000000, 0x000000700e000000|100%|HC|  |TAMS 0x000000700d000000| PB 0x000000700d000000| Complete  |  0
|   13|0x000000700e000000, 0x000000700e000000, 0x000000700f000000|  0%| F|  |TAMS 0x000000700e000000| PB 0x000000700e000000| Untracked |  0
|   14|0x000000700f000000, 0x000000700f000000, 0x0000007010000000|  0%| F|  |TAMS 0x000000700f000000| PB 0x000000700f000000| Untracked |  0
|   15|0x0000007010000000, 0x0000007010000000, 0x0000007011000000|  0%| F|  |TAMS 0x0000007010000000| PB 0x0000007010000000| Untracked |  0
|   16|0x0000007011000000, 0x0000007011000000, 0x0000007012000000|  0%| F|  |TAMS 0x0000007011000000| PB 0x0000007011000000| Untracked |  0
|   17|0x0000007012000000, 0x0000007012000000, 0x0000007013000000|  0%| F|  |TAMS 0x0000007012000000| PB 0x0000007012000000| Untracked |  0
|   18|0x0000007013000000, 0x0000007013000000, 0x0000007014000000|  0%| F|  |TAMS 0x0000007013000000| PB 0x0000007013000000| Untracked |  0
|   19|0x0000007014000000, 0x0000007014000000, 0x0000007015000000|  0%| F|  |TAMS 0x0000007014000000| PB 0x0000007014000000| Untracked |  0
|   20|0x0000007015000000, 0x0000007015000000, 0x0000007016000000|  0%| F|  |TAMS 0x0000007015000000| PB 0x0000007015000000| Untracked |  0
|   21|0x0000007016000000, 0x0000007016000000, 0x0000007017000000|  0%| F|  |TAMS 0x0000007016000000| PB 0x0000007016000000| Untracked |  0
|   22|0x0000007017000000, 0x0000007017000000, 0x0000007018000000|  0%| F|  |TAMS 0x0000007017000000| PB 0x0000007017000000| Untracked |  0
|   23|0x0000007018000000, 0x0000007018000000, 0x0000007019000000|  0%| F|  |TAMS 0x0000007018000000| PB 0x0000007018000000| Untracked |  0
|   24|0x0000007019000000, 0x0000007019000000, 0x000000701a000000|  0%| F|  |TAMS 0x0000007019000000| PB 0x0000007019000000| Untracked |  0
|   25|0x000000701a000000, 0x000000701a000000, 0x000000701b000000|  0%| F|  |TAMS 0x000000701a000000| PB 0x000000701a000000| Untracked |  0
|   26|0x000000701b000000, 0x000000701b000000, 0x000000701c000000|  0%| F|  |TAMS 0x000000701b000000| PB 0x000000701b000000| Untracked |  0
|   27|0x000000701c000000, 0x000000701c000000, 0x000000701d000000|  0%| F|  |TAMS 0x000000701c000000| PB 0x000000701c000000| Untracked |  0
|   28|0x000000701d000000, 0x000000701d000000, 0x000000701e000000|  0%| F|  |TAMS 0x000000701d000000| PB 0x000000701d000000| Untracked |  0
|   29|0x000000701e000000, 0x000000701e000000, 0x000000701f000000|  0%| F|  |TAMS 0x000000701e000000| PB 0x000000701e000000| Untracked |  0
|   30|0x000000701f000000, 0x000000701f000000, 0x0000007020000000|  0%| F|  |TAMS 0x000000701f000000| PB 0x000000701f000000| Untracked |  0
|   31|0x0000007020000000, 0x0000007020000000, 0x0000007021000000|  0%| F|  |TAMS 0x0000007020000000| PB 0x0000007020000000| Untracked |  0
|   32|0x0000007021000000, 0x0000007021000000, 0x0000007022000000|  0%| F|  |TAMS 0x0000007021000000| PB 0x0000007021000000| Untracked |  0
|   33|0x0000007022000000, 0x0000007022000000, 0x0000007023000000|  0%| F|  |TAMS 0x0000007022000000| PB 0x0000007022000000| Untracked |  0
|   34|0x0000007023000000, 0x0000007023000000, 0x0000007024000000|  0%| F|  |TAMS 0x0000007023000000| PB 0x0000007023000000| Untracked |  0
|   35|0x0000007024000000, 0x0000007024000000, 0x0000007025000000|  0%| F|  |TAMS 0x0000007024000000| PB 0x0000007024000000| Untracked |  0
|   36|0x0000007025000000, 0x0000007025000000, 0x0000007026000000|  0%| F|  |TAMS 0x0000007025000000| PB 0x0000007025000000| Untracked |  0
|   37|0x0000007026000000, 0x0000007026000000, 0x0000007027000000|  0%| F|  |TAMS 0x0000007026000000| PB 0x0000007026000000| Untracked |  0
|   38|0x0000007027000000, 0x0000007027000000, 0x0000007028000000|  0%| F|  |TAMS 0x0000007027000000| PB 0x0000007027000000| Untracked |  0
|   39|0x0000007028000000, 0x0000007028000000, 0x0000007029000000|  0%| F|  |TAMS 0x0000007028000000| PB 0x0000007028000000| Untracked |  0
|   40|0x0000007029000000, 0x0000007029000000, 0x000000702a000000|  0%| F|  |TAMS 0x0000007029000000| PB 0x0000007029000000| Untracked |  0
|   41|0x000000702a000000, 0x000000702a000000, 0x000000702b000000|  0%| F|  |TAMS 0x000000702a000000| PB 0x000000702a000000| Untracked |  0
|   42|0x000000702b000000, 0x000000702b000000, 0x000000702c000000|  0%| F|  |TAMS 0x000000702b000000| PB 0x000000702b000000| Untracked |  0
|   43|0x000000702c000000, 0x000000702c000000, 0x000000702d000000|  0%| F|  |TAMS 0x000000702c000000| PB 0x000000702c000000| Untracked |  0
|   44|0x000000702d000000, 0x000000702d000000, 0x000000702e000000|  0%| F|  |TAMS 0x000000702d000000| PB 0x000000702d000000| Untracked |  0
|   45|0x000000702e000000, 0x000000702e000000, 0x000000702f000000|  0%| F|  |TAMS 0x000000702e000000| PB 0x000000702e000000| Untracked |  0
|   46|0x000000702f000000, 0x000000702f324c60, 0x0000007030000000| 19%| E|CS|TAMS 0x000000702f000000| PB 0x000000702f000000| Complete  |  0
|   47|0x0000007030000000, 0x0000007031000000, 0x0000007031000000|100%| E|CS|TAMS 0x0000007030000000| PB 0x0000007030000000| Complete  |  0
|   48|0x0000007031000000, 0x0000007032000000, 0x0000007032000000|100%| E|CS|TAMS 0x0000007031000000| PB 0x0000007031000000| Complete  |  0
|   49|0x0000007032000000, 0x0000007033000000, 0x0000007033000000|100%| E|CS|TAMS 0x0000007032000000| PB 0x0000007032000000| Complete  |  0
|   50|0x0000007033000000, 0x0000007033000000, 0x0000007034000000|  0%| F|  |TAMS 0x0000007033000000| PB 0x0000007033000000| Untracked |  0
|   51|0x0000007034000000, 0x0000007034f04e48, 0x0000007035000000| 93%| S|  |TAMS 0x0000007034000000| PB 0x0000007034000000| Untracked |  0
|   52|0x0000007035000000, 0x0000007036000000, 0x0000007036000000|100%| E|CS|TAMS 0x0000007035000000| PB 0x0000007035000000| Complete  |  0
|   53|0x0000007036000000, 0x0000007037000000, 0x0000007037000000|100%| E|CS|TAMS 0x0000007036000000| PB 0x0000007036000000| Complete  |  0
|   54|0x0000007037000000, 0x0000007038000000, 0x0000007038000000|100%| E|CS|TAMS 0x0000007037000000| PB 0x0000007037000000| Complete  |  0
|   55|0x0000007038000000, 0x0000007039000000, 0x0000007039000000|100%| S|  |TAMS 0x0000007038000000| PB 0x0000007038000000| Untracked |  0
|   56|0x0000007039000000, 0x000000703a000000, 0x000000703a000000|100%| S|  |TAMS 0x0000007039000000| PB 0x0000007039000000| Untracked |  0
|   57|0x000000703a000000, 0x000000703b000000, 0x000000703b000000|100%| S|  |TAMS 0x000000703a000000| PB 0x000000703a000000| Untracked |  0
|   58|0x000000703b000000, 0x000000703c000000, 0x000000703c000000|100%| S|  |TAMS 0x000000703b000000| PB 0x000000703b000000| Untracked |  0
|   59|0x000000703c000000, 0x000000703d000000, 0x000000703d000000|100%| S|  |TAMS 0x000000703c000000| PB 0x000000703c000000| Untracked |  0
|   60|0x000000703d000000, 0x000000703e000000, 0x000000703e000000|100%| E|CS|TAMS 0x000000703d000000| PB 0x000000703d000000| Complete  |  0
|   61|0x000000703e000000, 0x000000703f000000, 0x000000703f000000|100%| E|CS|TAMS 0x000000703e000000| PB 0x000000703e000000| Complete  |  0
|   62|0x000000703f000000, 0x0000007040000000, 0x0000007040000000|100%| E|CS|TAMS 0x000000703f000000| PB 0x000000703f000000| Complete  |  0
|   63|0x0000007040000000, 0x0000007041000000, 0x0000007041000000|100%| E|CS|TAMS 0x0000007040000000| PB 0x0000007040000000| Complete  |  0
|   64|0x0000007041000000, 0x0000007042000000, 0x0000007042000000|100%| E|CS|TAMS 0x0000007041000000| PB 0x0000007041000000| Complete  |  0
|   65|0x0000007042000000, 0x0000007043000000, 0x0000007043000000|100%| E|CS|TAMS 0x0000007042000000| PB 0x0000007042000000| Complete  |  0
|   66|0x0000007043000000, 0x0000007044000000, 0x0000007044000000|100%| E|CS|TAMS 0x0000007043000000| PB 0x0000007043000000| Complete  |  0
|   67|0x0000007044000000, 0x0000007045000000, 0x0000007045000000|100%| E|CS|TAMS 0x0000007044000000| PB 0x0000007044000000| Complete  |  0
|   68|0x0000007045000000, 0x0000007046000000, 0x0000007046000000|100%| E|CS|TAMS 0x0000007045000000| PB 0x0000007045000000| Complete  |  0
|   69|0x0000007046000000, 0x0000007047000000, 0x0000007047000000|100%| E|CS|TAMS 0x0000007046000000| PB 0x0000007046000000| Complete  |  0
|   70|0x0000007047000000, 0x0000007048000000, 0x0000007048000000|100%| E|CS|TAMS 0x0000007047000000| PB 0x0000007047000000| Complete  |  0
|   71|0x0000007048000000, 0x0000007049000000, 0x0000007049000000|100%| E|CS|TAMS 0x0000007048000000| PB 0x0000007048000000| Complete  |  0
|   72|0x0000007049000000, 0x000000704a000000, 0x000000704a000000|100%| E|CS|TAMS 0x0000007049000000| PB 0x0000007049000000| Complete  |  0
|   73|0x000000704a000000, 0x000000704b000000, 0x000000704b000000|100%| E|CS|TAMS 0x000000704a000000| PB 0x000000704a000000| Complete  |  0
|   74|0x000000704b000000, 0x000000704c000000, 0x000000704c000000|100%| E|CS|TAMS 0x000000704b000000| PB 0x000000704b000000| Complete  |  0
|   75|0x000000704c000000, 0x000000704d000000, 0x000000704d000000|100%| E|CS|TAMS 0x000000704c000000| PB 0x000000704c000000| Complete  |  0
|   76|0x000000704d000000, 0x000000704e000000, 0x000000704e000000|100%| E|CS|TAMS 0x000000704d000000| PB 0x000000704d000000| Complete  |  0
|   77|0x000000704e000000, 0x000000704f000000, 0x000000704f000000|100%| E|CS|TAMS 0x000000704e000000| PB 0x000000704e000000| Complete  |  0
|   78|0x000000704f000000, 0x0000007050000000, 0x0000007050000000|100%| E|CS|TAMS 0x000000704f000000| PB 0x000000704f000000| Complete  |  0
|   79|0x0000007050000000, 0x0000007051000000, 0x0000007051000000|100%| E|CS|TAMS 0x0000007050000000| PB 0x0000007050000000| Complete  |  0
|   80|0x0000007051000000, 0x0000007052000000, 0x0000007052000000|100%| E|CS|TAMS 0x0000007051000000| PB 0x0000007051000000| Complete  |  0
|   81|0x0000007052000000, 0x0000007053000000, 0x0000007053000000|100%| E|CS|TAMS 0x0000007052000000| PB 0x0000007052000000| Complete  |  0
|   82|0x0000007053000000, 0x0000007054000000, 0x0000007054000000|100%| E|CS|TAMS 0x0000007053000000| PB 0x0000007053000000| Complete  |  0
|   83|0x0000007054000000, 0x0000007055000000, 0x0000007055000000|100%| E|CS|TAMS 0x0000007054000000| PB 0x0000007054000000| Complete  |  0
|   84|0x0000007055000000, 0x0000007056000000, 0x0000007056000000|100%| E|CS|TAMS 0x0000007055000000| PB 0x0000007055000000| Complete  |  0
|   85|0x0000007056000000, 0x0000007057000000, 0x0000007057000000|100%| E|CS|TAMS 0x0000007056000000| PB 0x0000007056000000| Complete  |  0
|   86|0x0000007057000000, 0x0000007058000000, 0x0000007058000000|100%| E|CS|TAMS 0x0000007057000000| PB 0x0000007057000000| Complete  |  0
|   87|0x0000007058000000, 0x0000007059000000, 0x0000007059000000|100%| E|CS|TAMS 0x0000007058000000| PB 0x0000007058000000| Complete  |  0
|   88|0x0000007059000000, 0x000000705a000000, 0x000000705a000000|100%| E|CS|TAMS 0x0000007059000000| PB 0x0000007059000000| Complete  |  0
|   89|0x000000705a000000, 0x000000705b000000, 0x000000705b000000|100%| E|CS|TAMS 0x000000705a000000| PB 0x000000705a000000| Complete  |  0
|   90|0x000000705b000000, 0x000000705c000000, 0x000000705c000000|100%| E|CS|TAMS 0x000000705b000000| PB 0x000000705b000000| Complete  |  0
|   91|0x000000705c000000, 0x000000705d000000, 0x000000705d000000|100%| E|CS|TAMS 0x000000705c000000| PB 0x000000705c000000| Complete  |  0
|   92|0x000000705d000000, 0x000000705e000000, 0x000000705e000000|100%| E|CS|TAMS 0x000000705d000000| PB 0x000000705d000000| Complete  |  0
|   93|0x000000705e000000, 0x000000705f000000, 0x000000705f000000|100%| E|CS|TAMS 0x000000705e000000| PB 0x000000705e000000| Complete  |  0
|   94|0x000000705f000000, 0x0000007060000000, 0x0000007060000000|100%| E|CS|TAMS 0x000000705f000000| PB 0x000000705f000000| Complete  |  0
|   95|0x0000007060000000, 0x0000007061000000, 0x0000007061000000|100%| E|CS|TAMS 0x0000007060000000| PB 0x0000007060000000| Complete  |  0
|   96|0x0000007061000000, 0x0000007062000000, 0x0000007062000000|100%| E|CS|TAMS 0x0000007061000000| PB 0x0000007061000000| Complete  |  0
|   97|0x0000007062000000, 0x0000007063000000, 0x0000007063000000|100%| E|CS|TAMS 0x0000007062000000| PB 0x0000007062000000| Complete  |  0
|   98|0x0000007063000000, 0x0000007064000000, 0x0000007064000000|100%| E|CS|TAMS 0x0000007063000000| PB 0x0000007063000000| Complete  |  0
|   99|0x0000007064000000, 0x0000007065000000, 0x0000007065000000|100%| E|CS|TAMS 0x0000007064000000| PB 0x0000007064000000| Complete  |  0
|  100|0x0000007065000000, 0x0000007066000000, 0x0000007066000000|100%| E|CS|TAMS 0x0000007065000000| PB 0x0000007065000000| Complete  |  0
|  101|0x0000007066000000, 0x0000007067000000, 0x0000007067000000|100%| E|CS|TAMS 0x0000007066000000| PB 0x0000007066000000| Complete  |  0
|  102|0x0000007067000000, 0x0000007068000000, 0x0000007068000000|100%| E|CS|TAMS 0x0000007067000000| PB 0x0000007067000000| Complete  |  0
|  103|0x0000007068000000, 0x0000007069000000, 0x0000007069000000|100%| E|CS|TAMS 0x0000007068000000| PB 0x0000007068000000| Complete  |  0
|  104|0x0000007069000000, 0x000000706a000000, 0x000000706a000000|100%| E|CS|TAMS 0x0000007069000000| PB 0x0000007069000000| Complete  |  0
|  105|0x000000706a000000, 0x000000706b000000, 0x000000706b000000|100%| E|CS|TAMS 0x000000706a000000| PB 0x000000706a000000| Complete  |  0
|  106|0x000000706b000000, 0x000000706c000000, 0x000000706c000000|100%| E|CS|TAMS 0x000000706b000000| PB 0x000000706b000000| Complete  |  0
|  107|0x000000706c000000, 0x000000706d000000, 0x000000706d000000|100%| E|CS|TAMS 0x000000706c000000| PB 0x000000706c000000| Complete  |  0
|  108|0x000000706d000000, 0x000000706e000000, 0x000000706e000000|100%| E|CS|TAMS 0x000000706d000000| PB 0x000000706d000000| Complete  |  0
|  109|0x000000706e000000, 0x000000706f000000, 0x000000706f000000|100%| E|CS|TAMS 0x000000706e000000| PB 0x000000706e000000| Complete  |  0
|  110|0x000000706f000000, 0x0000007070000000, 0x0000007070000000|100%| E|CS|TAMS 0x000000706f000000| PB 0x000000706f000000| Complete  |  0
|  111|0x0000007070000000, 0x0000007071000000, 0x0000007071000000|100%| E|CS|TAMS 0x0000007070000000| PB 0x0000007070000000| Complete  |  0
|  112|0x0000007071000000, 0x0000007072000000, 0x0000007072000000|100%| E|CS|TAMS 0x0000007071000000| PB 0x0000007071000000| Complete  |  0
|  113|0x0000007072000000, 0x0000007073000000, 0x0000007073000000|100%| E|CS|TAMS 0x0000007072000000| PB 0x0000007072000000| Complete  |  0
|  114|0x0000007073000000, 0x0000007074000000, 0x0000007074000000|100%| E|CS|TAMS 0x0000007073000000| PB 0x0000007073000000| Complete  |  0
|  115|0x0000007074000000, 0x0000007075000000, 0x0000007075000000|100%| E|CS|TAMS 0x0000007074000000| PB 0x0000007074000000| Complete  |  0
|  116|0x0000007075000000, 0x0000007076000000, 0x0000007076000000|100%| E|CS|TAMS 0x0000007075000000| PB 0x0000007075000000| Complete  |  0
|  117|0x0000007076000000, 0x0000007077000000, 0x0000007077000000|100%| E|CS|TAMS 0x0000007076000000| PB 0x0000007076000000| Complete  |  0
|  118|0x0000007077000000, 0x0000007078000000, 0x0000007078000000|100%| E|CS|TAMS 0x0000007077000000| PB 0x0000007077000000| Complete  |  0
|  119|0x0000007078000000, 0x0000007079000000, 0x0000007079000000|100%| E|CS|TAMS 0x0000007078000000| PB 0x0000007078000000| Complete  |  0
|  120|0x0000007079000000, 0x000000707a000000, 0x000000707a000000|100%| E|CS|TAMS 0x0000007079000000| PB 0x0000007079000000| Complete  |  0
|  121|0x000000707a000000, 0x000000707b000000, 0x000000707b000000|100%| E|CS|TAMS 0x000000707a000000| PB 0x000000707a000000| Complete  |  0
|  122|0x000000707b000000, 0x000000707c000000, 0x000000707c000000|100%| E|CS|TAMS 0x000000707b000000| PB 0x000000707b000000| Complete  |  0
|  123|0x000000707c000000, 0x000000707d000000, 0x000000707d000000|100%| E|CS|TAMS 0x000000707c000000| PB 0x000000707c000000| Complete  |  0
|  124|0x000000707d000000, 0x000000707e000000, 0x000000707e000000|100%| E|CS|TAMS 0x000000707d000000| PB 0x000000707d000000| Complete  |  0
|  125|0x000000707e000000, 0x000000707f000000, 0x000000707f000000|100%| E|CS|TAMS 0x000000707e000000| PB 0x000000707e000000| Complete  |  0
|  126|0x000000707f000000, 0x0000007080000000, 0x0000007080000000|100%| E|CS|TAMS 0x000000707f000000| PB 0x000000707f000000| Complete  |  0
|  127|0x0000007080000000, 0x0000007081000000, 0x0000007081000000|100%| E|CS|TAMS 0x0000007080000000| PB 0x0000007080000000| Complete  |  0
|  128|0x0000007081000000, 0x0000007082000000, 0x0000007082000000|100%| E|CS|TAMS 0x0000007081000000| PB 0x0000007081000000| Complete  |  0
|  129|0x0000007082000000, 0x0000007083000000, 0x0000007083000000|100%| E|CS|TAMS 0x0000007082000000| PB 0x0000007082000000| Complete  |  0
|  130|0x0000007083000000, 0x0000007084000000, 0x0000007084000000|100%| E|CS|TAMS 0x0000007083000000| PB 0x0000007083000000| Complete  |  0
|  131|0x0000007084000000, 0x0000007085000000, 0x0000007085000000|100%| E|CS|TAMS 0x0000007084000000| PB 0x0000007084000000| Complete  |  0
|  132|0x0000007085000000, 0x0000007086000000, 0x0000007086000000|100%| E|CS|TAMS 0x0000007085000000| PB 0x0000007085000000| Complete  |  0
| 1916|0x000000777d000000, 0x000000777e000000, 0x000000777e000000|100%| O|  |TAMS 0x000000777d000000| PB 0x000000777d000000| Untracked |  0
| 1917|0x000000777e000000, 0x000000777f000000, 0x000000777f000000|100%| E|CS|TAMS 0x000000777e000000| PB 0x000000777e000000| Complete  |  0

Card table byte_map: [0x00000001274cc000,0x000000012b0bc000] _byte_map_base: 0x00000000ef4c4000
Refinement table byte_map: [0x000000012b0bc000,0x000000012ecac000] _byte_map_base: 0x00000000f30b4000

Marking Bits: (CMBitMap*) 0x00000001055de800
 Bits: [0x0000000142604000, 0x0000000160584000)

Polling page: 0x0000000104d84000

Metaspace:
Metaspace        used 9423K, committed 9664K, reserved 1114112K
 class space     used 855K, committed 960K, reserved 1048576K

Usage:
  Non-class:      8.37 MB used.
      Class:    855.13 KB used.
       Both:      9.20 MB used.

Virtual space:
  Non-class space:       64.00 MB reserved,       8.50 MB ( 13%) committed,  1 nodes.
      Class space:        1.00 GB reserved,     960.00 KB ( <1%) committed,  1 nodes.
             Both:        1.06 GB reserved,       9.44 MB ( <1%) committed. 

Chunk freelists:
   Non-Class:  6.70 MB
       Class:  15.10 MB
        Both:  21.81 MB

MaxMetaspaceSize: unlimited
CompressedClassSpaceSize: 1.00 GB
Initial GC threshold: 21.00 MB
Current GC threshold: 21.00 MB
CDS: on
 - commit_granule_bytes: 65536.
 - commit_granule_words: 8192.
 - virtual_space_node_default_size: 8388608.
 - enlarge_chunks_in_place: 1.
UseCompressedClassPointers 1, UseCompactObjectHeaders 0
Narrow klass pointer bits 32, Max shift 3
Narrow klass base: 0x0000030000000000, Narrow klass shift: 0
Encoding Range: [0x0000030000000000 - 0x0000030100000000), (4294967296 bytes)
Klass Range:    [0x0000030000000000 - 0x0000030041000000), (1090519040 bytes)
Klass ID Range:  [8 - 1090519033) (1090519025)
Protection zone: [0x0000030000000000 - 0x0000030000004000), (16384 bytes)


Internal statistics:

num_allocs_failed_limit: 0.
num_arena_births: 150.
num_arena_deaths: 0.
num_vsnodes_births: 2.
num_vsnodes_deaths: 0.
num_space_committed: 151.
num_space_uncommitted: 0.
num_chunks_returned_to_freelist: 0.
num_chunks_taken_from_freelist: 371.
num_chunk_merges: 0.
num_chunk_splits: 239.
num_chunks_enlarged: 150.
num_inconsistent_stats: 0.

CodeHeap 'non-profiled nmethods': size=119184Kb used=659Kb max_used=659Kb free=118524Kb
 bounds [0x000000011c478000, 0x000000011c6e8000, 0x00000001238dc000]
CodeHeap 'profiled nmethods': size=119152Kb used=4004Kb max_used=4060Kb free=115147Kb
 bounds [0x00000001148dc000, 0x0000000114cec000, 0x000000011bd38000]
CodeHeap 'non-nmethods': size=7424Kb used=1324Kb max_used=3079Kb free=6099Kb
 bounds [0x000000011bd38000, 0x000000011c048000, 0x000000011c478000]
CodeCache: size=245760Kb, used=5987Kb, max_used=7798Kb, free=239770Kb
 total_blobs=2841, nmethods=2309, adapters=440, full_count=0
Compilation: enabled, stopped_count=0, restarted_count=0

Compilation events (20 events):
Event: 2.438 Thread 0x0000000a27806800 nmethod 2513 0x00000001149ecfc8 code [0x00000001149ed0c0, 0x00000001149ed338]
Event: 2.438 Thread 0x0000000a27806800 2515       3       java.io.RandomAccessFile::write (8 bytes)
Event: 2.439 Thread 0x0000000a27806800 nmethod 2515 0x00000001148e9748 code [0x00000001148e9840, 0x00000001148e9b48]
Event: 2.439 Thread 0x0000000a27806800 2516       3       java.io.RandomAccessFile::writeBytes (28 bytes)
Event: 2.439 Thread 0x0000000a27807200 nmethod 2514 0x00000001148ef1c8 code [0x00000001148ef2c0, 0x00000001148ef958]
Event: 2.439 Thread 0x0000000a27807200 2517   !   3       java.io.RandomAccessFile::implWriteBytes (35 bytes)
Event: 2.439 Thread 0x0000000a27806800 nmethod 2516 0x00000001149de808 code [0x00000001149de900, 0x00000001149deba8]
Event: 2.439 Thread 0x0000000a27807200 nmethod 2517 0x00000001148edc08 code [0x00000001148edd00, 0x00000001148ee518]
Event: 2.990 Thread 0x0000000a27807200 2518       3       tlc2.value.ValueOutputStream$HandleTable::growEntries (56 bytes)
Event: 2.990 Thread 0x0000000a27807200 nmethod 2518 0x0000000114959f88 code [0x000000011495a080, 0x000000011495a510]
Event: 4.014 Thread 0x0000000a27806800 2519       3       java.io.UnixFileSystem::prefixLength (15 bytes)
Event: 4.014 Thread 0x0000000a27806800 nmethod 2519 0x000000011491ca88 code [0x000000011491cb80, 0x000000011491cec0]
Event: 4.438 Thread 0x0000000a27806800 2520       3       java.io.UnixFileSystem::normalize (41 bytes)
Event: 4.438 Thread 0x0000000a27806800 nmethod 2520 0x00000001149ea748 code [0x00000001149ea840, 0x00000001149eb300]
Event: 6.035 Thread 0x0000000a27805e00 2523       4       tlc2.tool.impl.Tool::getInitStates (328 bytes)
Event: 6.036 Thread 0x0000000a27805e00 nmethod 2523 0x000000011c51c408 code [0x000000011c51c500, 0x000000011c51c650]
Event: 6.136 Thread 0x0000000a27805e00 2524       4       tlc2.tool.impl.SymbolNodeValueLookupProvider::getVar (444 bytes)
Event: 6.138 Thread 0x0000000a27805e00 nmethod 2524 0x000000011c51c688 code [0x000000011c51c780, 0x000000011c51cb48]
Event: 7.065 Thread 0x0000000a27806800 2525       3       java.io.File::isInvalid (47 bytes)
Event: 7.065 Thread 0x0000000a27806800 nmethod 2525 0x0000000114945f48 code [0x0000000114946040, 0x00000001149464e8]

GC Heap Usage History (20 events):
Event: 3.071 {heap After GC invocations=13 (full 0):
 garbage-first heap   total reserved 31424512K, committed 2211840K, used 208842K [0x0000007001000000, 0x000000777f000000)
  region size 16M, 0 eden (0M), 3 survivor (48M), 1 old (16M), 10 humongous (160M), 121 free (1936M)
}
Event: 3.738 {heap Before GC invocations=13 (full 0):
 garbage-first heap   total reserved 31424512K, committed 2211840K, used 1486794K [0x0000007001000000, 0x000000777f000000)
  region size 16M, 78 eden (1248M), 3 survivor (48M), 1 old (16M), 10 humongous (160M), 43 free (688M)
}
Event: 3.744 {heap After GC invocations=14 (full 0):
 garbage-first heap   total reserved 31424512K, committed 2211840K, used 219042K [0x0000007001000000, 0x000000777f000000)
  region size 16M, 0 eden (0M), 4 survivor (64M), 1 old (16M), 10 humongous (160M), 120 free (1920M)
}
Event: 4.398 {heap Before GC invocations=14 (full 0):
 garbage-first heap   total reserved 31424512K, committed 2211840K, used 1480610K [0x0000007001000000, 0x000000777f000000)
  region size 16M, 77 eden (1232M), 4 survivor (64M), 1 old (16M), 10 humongous (160M), 43 free (688M)
}
Event: 4.405 {heap After GC invocations=15 (full 0):
 garbage-first heap   total reserved 31424512K, committed 2211840K, used 228381K [0x0000007001000000, 0x000000777f000000)
  region size 16M, 0 eden (0M), 4 survivor (64M), 1 old (16M), 10 humongous (160M), 120 free (1920M)
}
Event: 5.059 {heap Before GC invocations=15 (full 0):
 garbage-first heap   total reserved 31424512K, committed 2211840K, used 1489949K [0x0000007001000000, 0x000000777f000000)
  region size 16M, 77 eden (1232M), 4 survivor (64M), 1 old (16M), 10 humongous (160M), 43 free (688M)
}
Event: 5.066 {heap After GC invocations=16 (full 0):
 garbage-first heap   total reserved 31424512K, committed 2211840K, used 234799K [0x0000007001000000, 0x000000777f000000)
  region size 16M, 0 eden (0M), 5 survivor (80M), 1 old (16M), 10 humongous (160M), 119 free (1904M)
}
Event: 5.703 {heap Before GC invocations=16 (full 0):
 garbage-first heap   total reserved 31424512K, committed 2211840K, used 1479983K [0x0000007001000000, 0x000000777f000000)
  region size 16M, 76 eden (1216M), 5 survivor (80M), 1 old (16M), 10 humongous (160M), 43 free (688M)
}
Event: 5.710 {heap After GC invocations=17 (full 0):
 garbage-first heap   total reserved 31424512K, committed 2211840K, used 246127K [0x0000007001000000, 0x000000777f000000)
  region size 16M, 0 eden (0M), 5 survivor (80M), 1 old (16M), 10 humongous (160M), 119 free (1904M)
}
Event: 6.365 {heap Before GC invocations=17 (full 0):
 garbage-first heap   total reserved 31424512K, committed 2211840K, used 1491311K [0x0000007001000000, 0x000000777f000000)
  region size 16M, 76 eden (1216M), 5 survivor (80M), 1 old (16M), 10 humongous (160M), 43 free (688M)
}
Event: 6.372 {heap After GC invocations=18 (full 0):
 garbage-first heap   total reserved 31424512K, committed 2211840K, used 257253K [0x0000007001000000, 0x000000777f000000)
  region size 16M, 0 eden (0M), 6 survivor (96M), 1 old (16M), 10 humongous (160M), 118 free (1888M)
}
Event: 7.011 {heap Before GC invocations=18 (full 0):
 garbage-first heap   total reserved 31424512K, committed 2211840K, used 1486053K [0x0000007001000000, 0x000000777f000000)
  region size 16M, 75 eden (1200M), 6 survivor (96M), 1 old (16M), 10 humongous (160M), 43 free (688M)
}
Event: 7.019 {heap After GC invocations=19 (full 0):
 garbage-first heap   total reserved 31424512K, committed 2211840K, used 265729K [0x0000007001000000, 0x000000777f000000)
  region size 16M, 0 eden (0M), 6 survivor (96M), 1 old (16M), 10 humongous (160M), 118 free (1888M)
}
Event: 7.647 {heap Before GC invocations=19 (full 0):
 garbage-first heap   total reserved 31424512K, committed 2211840K, used 1494529K [0x0000007001000000, 0x000000777f000000)
  region size 16M, 75 eden (1200M), 6 survivor (96M), 1 old (16M), 10 humongous (160M), 43 free (688M)
}
Event: 7.653 {heap After GC invocations=20 (full 0):
 garbage-first heap   total reserved 31424512K, committed 2211840K, used 277080K [0x0000007001000000, 0x000000777f000000)
  region size 16M, 0 eden (0M), 7 survivor (112M), 1 old (16M), 10 humongous (160M), 117 free (1872M)
}
Event: 8.271 {heap Before GC invocations=20 (full 0):
 garbage-first heap   total reserved 31424512K, committed 2211840K, used 1489496K [0x0000007001000000, 0x000000777f000000)
  region size 16M, 74 eden (1184M), 7 survivor (112M), 1 old (16M), 10 humongous (160M), 43 free (688M)
}
Event: 8.276 {heap After GC invocations=21 (full 0):
 garbage-first heap   total reserved 31424512K, committed 2211840K, used 284948K [0x0000007001000000, 0x000000777f000000)
  region size 16M, 0 eden (0M), 7 survivor (112M), 1 old (16M), 10 humongous (160M), 117 free (1872M)
}
Event: 8.902 {heap Before GC invocations=21 (full 0):
 garbage-first heap   total reserved 31424512K, committed 2211840K, used 1497364K [0x0000007001000000, 0x000000777f000000)
  region size 16M, 74 eden (1184M), 7 survivor (112M), 1 old (16M), 10 humongous (160M), 43 free (688M)
}
Event: 8.908 {heap After GC invocations=22 (full 0):
 garbage-first heap   total reserved 31424512K, committed 2211840K, used 297187K [0x0000007001000000, 0x000000777f000000)
  region size 16M, 0 eden (0M), 7 survivor (112M), 2 old (32M), 10 humongous (160M), 116 free (1856M)
}
Event: 9.532 {heap Before GC invocations=22 (full 0):
 garbage-first heap   total reserved 31424512K, committed 2211840K, used 1509603K [0x0000007001000000, 0x000000777f000000)
  region size 16M, 74 eden (1184M), 7 survivor (112M), 2 old (32M), 10 humongous (160M), 42 free (672M)
}

Metaspace Usage History (20 events):
Event: 3.071 {metaspace After GC invocations=13 (full 0):
 Metaspace       used 9420K, committed 9664K, reserved 1114112K
  class space    used 855K, committed 960K, reserved 1048576K
}
Event: 3.738 {metaspace Before GC invocations=13 (full 0):
 Metaspace       used 9420K, committed 9664K, reserved 1114112K
  class space    used 855K, committed 960K, reserved 1048576K
}
Event: 3.744 {metaspace After GC invocations=14 (full 0):
 Metaspace       used 9420K, committed 9664K, reserved 1114112K
  class space    used 855K, committed 960K, reserved 1048576K
}
Event: 4.398 {metaspace Before GC invocations=14 (full 0):
 Metaspace       used 9420K, committed 9664K, reserved 1114112K
  class space    used 855K, committed 960K, reserved 1048576K
}
Event: 4.405 {metaspace After GC invocations=15 (full 0):
 Metaspace       used 9420K, committed 9664K, reserved 1114112K
  class space    used 855K, committed 960K, reserved 1048576K
}
Event: 5.059 {metaspace Before GC invocations=15 (full 0):
 Metaspace       used 9422K, committed 9664K, reserved 1114112K
  class space    used 855K, committed 960K, reserved 1048576K
}
Event: 5.066 {metaspace After GC invocations=16 (full 0):
 Metaspace       used 9422K, committed 9664K, reserved 1114112K
  class space    used 855K, committed 960K, reserved 1048576K
}
Event: 5.703 {metaspace Before GC invocations=16 (full 0):
 Metaspace       used 9422K, committed 9664K, reserved 1114112K
  class space    used 855K, committed 960K, reserved 1048576K
}
Event: 5.710 {metaspace After GC invocations=17 (full 0):
 Metaspace       used 9422K, committed 9664K, reserved 1114112K
  class space    used 855K, committed 960K, reserved 1048576K
}
Event: 6.365 {metaspace Before GC invocations=17 (full 0):
 Metaspace       used 9422K, committed 9664K, reserved 1114112K
  class space    used 855K, committed 960K, reserved 1048576K
}
Event: 6.372 {metaspace After GC invocations=18 (full 0):
 Metaspace       used 9422K, committed 9664K, reserved 1114112K
  class space    used 855K, committed 960K, reserved 1048576K
}
Event: 7.011 {metaspace Before GC invocations=18 (full 0):
 Metaspace       used 9422K, committed 9664K, reserved 1114112K
  class space    used 855K, committed 960K, reserved 1048576K
}
Event: 7.019 {metaspace After GC invocations=19 (full 0):
 Metaspace       used 9422K, committed 9664K, reserved 1114112K
  class space    used 855K, committed 960K, reserved 1048576K
}
Event: 7.647 {metaspace Before GC invocations=19 (full 0):
 Metaspace       used 9423K, committed 9664K, reserved 1114112K
  class space    used 855K, committed 960K, reserved 1048576K
}
Event: 7.653 {metaspace After GC invocations=20 (full 0):
 Metaspace       used 9423K, committed 9664K, reserved 1114112K
  class space    used 855K, committed 960K, reserved 1048576K
}
Event: 8.271 {metaspace Before GC invocations=20 (full 0):
 Metaspace       used 9423K, committed 9664K, reserved 1114112K
  class space    used 855K, committed 960K, reserved 1048576K
}
Event: 8.276 {metaspace After GC invocations=21 (full 0):
 Metaspace       used 9423K, committed 9664K, reserved 1114112K
  class space    used 855K, committed 960K, reserved 1048576K
}
Event: 8.902 {metaspace Before GC invocations=21 (full 0):
 Metaspace       used 9423K, committed 9664K, reserved 1114112K
  class space    used 855K, committed 960K, reserved 1048576K
}
Event: 8.908 {metaspace After GC invocations=22 (full 0):
 Metaspace       used 9423K, committed 9664K, reserved 1114112K
  class space    used 855K, committed 960K, reserved 1048576K
}
Event: 9.532 {metaspace Before GC invocations=22 (full 0):
 Metaspace       used 9423K, committed 9664K, reserved 1114112K
  class space    used 855K, committed 960K, reserved 1048576K
}

Dll operation events (14 events):
Event: 0.037 Attempting to load shared library /Users/acehack/.local/share/mise/installs/java/26.0.0/lib/libjava.dylib
Event: 0.063 Loaded shared library /Users/acehack/.local/share/mise/installs/java/26.0.0/lib/libjava.dylib
Event: 0.098 Attempting to load shared library /Users/acehack/.local/share/mise/installs/java/26.0.0/lib/libnio.dylib
Event: 0.147 Loaded shared library /Users/acehack/.local/share/mise/installs/java/26.0.0/lib/libnio.dylib
Event: 0.162 Attempting to load shared library /Users/acehack/.local/share/mise/installs/java/26.0.0/lib/libzip.dylib
Event: 0.185 Loaded shared library /Users/acehack/.local/share/mise/installs/java/26.0.0/lib/libzip.dylib
Event: 0.225 Attempting to load shared library /Users/acehack/.local/share/mise/installs/java/26.0.0/lib/libjimage.dylib
Event: 0.225 Loaded shared library /Users/acehack/.local/share/mise/installs/java/26.0.0/lib/libjimage.dylib
Event: 0.260 Attempting to load shared library /Users/acehack/.local/share/mise/installs/java/26.0.0/lib/libmanagement.dylib
Event: 0.292 Loaded shared library /Users/acehack/.local/share/mise/installs/java/26.0.0/lib/libmanagement.dylib
Event: 0.293 Attempting to load shared library /Users/acehack/.local/share/mise/installs/java/26.0.0/lib/libmanagement_ext.dylib
Event: 0.320 Loaded shared library /Users/acehack/.local/share/mise/installs/java/26.0.0/lib/libmanagement_ext.dylib
Event: 0.347 Attempting to load shared library /Users/acehack/.local/share/mise/installs/java/26.0.0/lib/libnet.dylib
Event: 0.347 Loaded shared library /Users/acehack/.local/share/mise/installs/java/26.0.0/lib/libnet.dylib

Deoptimization events (20 events):
Event: 1.392 Thread 0x00000001055d2490 DEOPT PACKING pc=0x0000000114cddb3c sp=0x000000016b331de0
Event: 1.392 Thread 0x00000001055d2490 DEOPT UNPACKING pc=0x000000011bd753bc sp=0x000000016b331b60 mode 0
Event: 1.419 Thread 0x00000001055d2490 Uncommon trap: trap_request=0xffffffd6 fr.pc=0x000000011c51562c relative=0x00000000000020ac
Event: 1.419 Thread 0x00000001055d2490 Uncommon trap: reason=array_check action=maybe_recompile pc=0x000000011c51562c method=tlc2.value.impl.SetOfFcnsValue$Enumerator.<init>(Ltlc2/value/impl/SetOfFcnsValue;)V @ 145 c2
Event: 1.419 Thread 0x00000001055d2490 DEOPT PACKING pc=0x000000011c51562c sp=0x000000016b331f10
Event: 1.419 Thread 0x00000001055d2490 DEOPT UNPACKING pc=0x000000011be4d81c sp=0x000000016b331d60 mode 2
Event: 1.420 Thread 0x00000001055d2490 Uncommon trap: trap_request=0xffffffd6 fr.pc=0x000000011c51562c relative=0x00000000000020ac
Event: 1.420 Thread 0x00000001055d2490 Uncommon trap: reason=array_check action=maybe_recompile pc=0x000000011c51562c method=tlc2.value.impl.SetOfFcnsValue$Enumerator.<init>(Ltlc2/value/impl/SetOfFcnsValue;)V @ 145 c2
Event: 1.420 Thread 0x00000001055d2490 DEOPT PACKING pc=0x000000011c51562c sp=0x000000016b331f10
Event: 1.420 Thread 0x00000001055d2490 DEOPT UNPACKING pc=0x000000011be4d81c sp=0x000000016b331d60 mode 2
Event: 1.421 Thread 0x00000001055d2490 Uncommon trap: trap_request=0xffffffd6 fr.pc=0x000000011c51562c relative=0x00000000000020ac
Event: 1.421 Thread 0x00000001055d2490 Uncommon trap: reason=array_check action=maybe_recompile pc=0x000000011c51562c method=tlc2.value.impl.SetOfFcnsValue$Enumerator.<init>(Ltlc2/value/impl/SetOfFcnsValue;)V @ 145 c2
Event: 1.421 Thread 0x00000001055d2490 DEOPT PACKING pc=0x000000011c51562c sp=0x000000016b331f10
Event: 1.421 Thread 0x00000001055d2490 DEOPT UNPACKING pc=0x000000011be4d81c sp=0x000000016b331d60 mode 2
Event: 1.422 Thread 0x00000001055d2490 Uncommon trap: trap_request=0xffffffd6 fr.pc=0x000000011c51562c relative=0x00000000000020ac
Event: 1.422 Thread 0x00000001055d2490 Uncommon trap: reason=array_check action=maybe_recompile pc=0x000000011c51562c method=tlc2.value.impl.SetOfFcnsValue$Enumerator.<init>(Ltlc2/value/impl/SetOfFcnsValue;)V @ 145 c2
Event: 1.422 Thread 0x00000001055d2490 DEOPT PACKING pc=0x000000011c51562c sp=0x000000016b331f10
Event: 1.422 Thread 0x00000001055d2490 DEOPT UNPACKING pc=0x000000011be4d81c sp=0x000000016b331d60 mode 2
Event: 1.976 Thread 0x0000000a27291800 DEOPT PACKING pc=0x0000000114925944 sp=0x000000016efa6950
Event: 1.976 Thread 0x0000000a27291800 DEOPT UNPACKING pc=0x000000011bd753bc sp=0x000000016efa66e0 mode 0

Classes loaded (20 events):
Event: 0.701 Loading class java/util/Spliterator$OfInt done
Event: 0.701 Loading class java/util/stream/Streams$RangeIntSpliterator done
Event: 0.701 Loading class java/util/stream/IntPipeline$Head
Event: 0.701 Loading class java/util/stream/IntPipeline
Event: 0.701 Loading class java/util/stream/IntPipeline done
Event: 0.701 Loading class java/util/stream/IntPipeline$Head done
Event: 0.702 Loading class java/util/stream/ForEachOps$ForEachOp$OfInt
Event: 0.702 Loading class java/util/stream/Sink$OfInt
Event: 0.703 Loading class java/util/stream/Sink$OfInt done
Event: 0.703 Loading class java/util/stream/ForEachOps$ForEachOp$OfInt done
Event: 0.703 Loading class java/util/stream/ForEachOps$ForEachTask
Event: 0.703 Loading class java/util/stream/ForEachOps$ForEachTask done
Event: 0.705 Loading class java/lang/Thread$ThreadNumbering
Event: 0.705 Loading class java/lang/Thread$ThreadNumbering done
Event: 0.705 Loading class java/util/Formatter$FormatSpecifierParser
Event: 0.705 Loading class java/util/Formatter$FormatSpecifierParser done
Event: 0.708 Loading class java/lang/NoSuchFieldError
Event: 0.708 Loading class java/lang/NoSuchFieldError done
Event: 0.790 Loading class java/util/concurrent/locks/AbstractQueuedLongSynchronizer$Node
Event: 0.791 Loading class java/util/concurrent/locks/AbstractQueuedLongSynchronizer$Node done

Classes unloaded (0 events):
No events

Classes redefined (0 events):
No events

Internal exceptions (20 events):
Event: 0.372 Thread 0x00000001055d2490 Exception <a 'java/lang/NoSuchMethodError'{0x000000700169ec48}: 'long java.lang.invoke.DelegatingMethodHandle$Holder.reinvoke_L(java.lang.Object, java.lang.Object)'> (0x000000700169ec48) 
thrown [open/src/hotspot/share/interpreter/linkResolver.cpp, line 804]
Event: 0.375 Thread 0x00000001055d2490 Exception <a 'java/lang/NoSuchMethodError'{0x00000070016ddf28}: 'void java.lang.invoke.DirectMethodHandle$Holder.invokeSpecial(java.lang.Object, java.lang.Object, java.lang.Object)'> (0x00000070016ddf28) 
thrown [open/src/hotspot/share/interpreter/linkResolver.cpp, line 804]
Event: 0.384 Thread 0x0000000a27832800 Exception <a 'java/net/UnknownHostException'{0x0000007001740d58}> (0x0000007001740d58) 
thrown [open/src/hotspot/share/prims/jni.cpp, line 514]
Event: 0.550 Thread 0x00000001055d2490 Exception <a 'java/lang/NoSuchMethodError'{0x00000070011e5110}: 'java.lang.Object java.lang.invoke.DirectMethodHandle$Holder.invokeStatic(java.lang.Object, int, java.lang.Object)'> (0x00000070011e5110) 
thrown [open/src/hotspot/share/interpreter/linkResolver.cpp, line 804]
Event: 0.554 Thread 0x00000001055d2490 Exception <a 'java/lang/NoSuchMethodError'{0x0000007001221e40}: 'long java.lang.invoke.DirectMethodHandle$Holder.invokeSpecial(java.lang.Object, java.lang.Object)'> (0x0000007001221e40) 
thrown [open/src/hotspot/share/interpreter/linkResolver.cpp, line 804]
Event: 0.555 Thread 0x00000001055d2490 Exception <a 'java/lang/NoSuchMethodError'{0x000000700122b198}: 'long java.lang.invoke.Invokers$Holder.invokeExact_MT(java.lang.Object, java.lang.Object)'> (0x000000700122b198) 
thrown [open/src/hotspot/share/interpreter/linkResolver.cpp, line 804]
Event: 0.557 Thread 0x00000001055d2490 Exception <a 'java/lang/NoSuchMethodError'{0x000000700125eac8}: 'java.lang.Object java.lang.invoke.DirectMethodHandle$Holder.invokeStatic(java.lang.Object, java.lang.Object, int)'> (0x000000700125eac8) 
thrown [open/src/hotspot/share/interpreter/linkResolver.cpp, line 804]
Event: 0.557 Thread 0x00000001055d2490 Exception <a 'java/lang/NoSuchMethodError'{0x000000700127b860}: 'void java.lang.invoke.DelegatingMethodHandle$Holder.delegate(java.lang.Object, java.lang.Object, int, java.lang.Object)'> (0x000000700127b860) 
thrown [open/src/hotspot/share/interpreter/linkResolver.cpp, line 804]
Event: 0.579 Thread 0x00000001055d2490 Exception <a 'java/lang/NoSuchMethodError'{0x0000007001461f80}: 'java.lang.Object java.lang.invoke.DirectMethodHandle$Holder.invokeStaticInit(java.lang.Object, java.lang.Object, java.lang.Object)'> (0x0000007001461f80) 
thrown [open/src/hotspot/share/interpreter/linkResolver.cpp, line 804]
Event: 0.580 Thread 0x00000001055d2490 Exception <a 'java/lang/NoSuchMethodError'{0x0000007001478940}: 'java.lang.Object java.lang.invoke.DirectMethodHandle$Holder.invokeStaticInit(java.lang.Object, java.lang.Object, java.lang.Object, java.lang.Object, java.lang.Object, java.lang.Object, int, java.lang.Object)'> (0x0000007001478940) 
thrown [open/src/hotspot/share/interpreter/linkResolver.cpp, line 804]
Event: 0.587 Thread 0x00000001055d2490 Exception <a 'java/lang/NoSuchMethodError'{0x00000070014f4fd8}: 'java.lang.Object java.lang.invoke.DelegatingMethodHandle$Holder.reinvoke_L(java.lang.Object, java.lang.Object, int, int, int, int, java.lang.Object)'> (0x00000070014f4fd8) 
thrown [open/src/hotspot/share/interpreter/linkResolver.cpp, line 804]
Event: 0.592 Thread 0x00000001055d2490 Exception <a 'java/lang/NoSuchMethodError'{0x00000070015814a8}: 'void java.lang.invoke.DirectMethodHandle$Holder.invokeStatic(java.lang.Object, java.lang.Object, java.lang.Object)'> (0x00000070015814a8) 
thrown [open/src/hotspot/share/interpreter/linkResolver.cpp, line 804]
Event: 0.595 Thread 0x00000001055d2490 Exception <a 'java/lang/NoSuchMethodError'{0x00000070015cb240}: 'void java.lang.invoke.DirectMethodHandle$Holder.invokeStatic(java.lang.Object, java.lang.Object)'> (0x00000070015cb240) 
thrown [open/src/hotspot/share/interpreter/linkResolver.cpp, line 804]
Event: 0.613 Thread 0x0000000a27290800 Exception <a 'java/lang/NoSuchMethodError'{0x000000700168d398}: 'int java.lang.invoke.DirectMethodHandle$Holder.invokeInterface(java.lang.Object, java.lang.Object)'> (0x000000700168d398) 
thrown [open/src/hotspot/share/interpreter/linkResolver.cpp, line 804]
Event: 0.613 Thread 0x0000000a27290800 Exception <a 'java/lang/IncompatibleClassChangeError'{0x00000070016958d0}: Found class java.lang.Object, but interface was expected> (0x00000070016958d0) 
thrown [open/src/hotspot/share/interpreter/linkResolver.cpp, line 871]
Event: 0.702 Thread 0x0000000a27290800 Exception <a 'java/lang/NoSuchMethodError'{0x00000070020196c0}: 'java.lang.Object java.lang.invoke.DirectMethodHandle$Holder.newInvokeSpecial(java.lang.Object, java.lang.Object, int, java.lang.Object, java.lang.Object)'> (0x00000070020196c0) 
thrown [open/src/hotspot/share/interpreter/linkResolver.cpp, line 804]
Event: 0.706 Thread 0x00000001055d2490 Exception <a 'java/lang/NoSuchMethodError'{0x0000007002093060}: 'java.lang.Object java.lang.invoke.DirectMethodHandle$Holder.invokeSpecial(java.lang.Object, java.lang.Object, java.lang.Object, java.lang.Object, java.lang.Object, int)'> (0x0000007002093060) 
thrown [open/src/hotspot/share/interpreter/linkResolver.cpp, line 804]
Event: 0.706 Thread 0x00000001055d2490 Exception <a 'java/lang/NoSuchMethodError'{0x000000700209b8a8}: 'java.lang.Object java.lang.invoke.DirectMethodHandle$Holder.invokeSpecial(java.lang.Object, java.lang.Object, java.lang.Object, java.lang.Object, java.lang.Object, java.lang.Object, int)'> (0x000000700209b8a8) 
thrown [open/src/hotspot/share/interpreter/linkResolver.cpp, line 804]
Event: 0.706 Thread 0x00000001055d2490 Exception <a 'java/lang/NoSuchMethodError'{0x00000070020a3c50}: 'java.lang.Object java.lang.invoke.DelegatingMethodHandle$Holder.reinvoke_L(java.lang.Object, java.lang.Object, java.lang.Object, java.lang.Object, java.lang.Object, int)'> (0x00000070020a3c50) 
thrown [open/src/hotspot/share/interpreter/linkResolver.cpp, line 804]
Event: 0.707 Thread 0x00000001055d2490 Exception <a 'java/lang/NoSuchMethodError'{0x00000070020b4060}: 'java.lang.Object java.lang.invoke.Invokers$Holder.linkToTargetMethod(java.lang.Object, java.lang.Object, java.lang.Object, int, java.lang.Object)'> (0x00000070020b4060) 
thrown [open/src/hotspot/share/interpreter/linkResolver.cpp, line 804]

VM Operations (20 events):
Event: 3.071 Executing safepoint VM operation: G1CollectForAllocation (G1 Evacuation Pause) done
Event: 3.738 Executing safepoint VM operation: G1CollectForAllocation (G1 Evacuation Pause)
Event: 3.744 Executing safepoint VM operation: G1CollectForAllocation (G1 Evacuation Pause) done
Event: 4.398 Executing safepoint VM operation: G1CollectForAllocation (G1 Evacuation Pause)
Event: 4.405 Executing safepoint VM operation: G1CollectForAllocation (G1 Evacuation Pause) done
Event: 5.059 Executing safepoint VM operation: G1CollectForAllocation (G1 Evacuation Pause)
Event: 5.066 Executing safepoint VM operation: G1CollectForAllocation (G1 Evacuation Pause) done
Event: 5.703 Executing safepoint VM operation: G1CollectForAllocation (G1 Evacuation Pause)
Event: 5.710 Executing safepoint VM operation: G1CollectForAllocation (G1 Evacuation Pause) done
Event: 6.365 Executing safepoint VM operation: G1CollectForAllocation (G1 Evacuation Pause)
Event: 6.372 Executing safepoint VM operation: G1CollectForAllocation (G1 Evacuation Pause) done
Event: 7.011 Executing safepoint VM operation: G1CollectForAllocation (G1 Evacuation Pause)
Event: 7.019 Executing safepoint VM operation: G1CollectForAllocation (G1 Evacuation Pause) done
Event: 7.647 Executing safepoint VM operation: G1CollectForAllocation (G1 Evacuation Pause)
Event: 7.653 Executing safepoint VM operation: G1CollectForAllocation (G1 Evacuation Pause) done
Event: 8.271 Executing safepoint VM operation: G1CollectForAllocation (G1 Evacuation Pause)
Event: 8.277 Executing safepoint VM operation: G1CollectForAllocation (G1 Evacuation Pause) done
Event: 8.902 Executing safepoint VM operation: G1CollectForAllocation (G1 Evacuation Pause)
Event: 8.908 Executing safepoint VM operation: G1CollectForAllocation (G1 Evacuation Pause) done
Event: 9.532 Executing safepoint VM operation: G1CollectForAllocation (G1 Evacuation Pause)

Memory protections (20 events):
Event: 0.160 Protecting memory [0x000000016d720000,0x000000016d72c000] with protection modes 0
Event: 0.161 Protecting memory [0x000000016d92c000,0x000000016d938000] with protection modes 0
Event: 0.162 Protecting memory [0x000000016db38000,0x000000016db44000] with protection modes 0
Event: 0.243 Protecting memory [0x000000016dd44000,0x000000016dd50000] with protection modes 0
Event: 0.377 Protecting memory [0x000000016df50000,0x000000016df5c000] with protection modes 0
Event: 0.541 Protecting memory [0x000000016e780000,0x000000016e78c000] with protection modes 0
Event: 0.595 Protecting memory [0x000000016e98c000,0x000000016e998000] with protection modes 0
Event: 0.597 Protecting memory [0x000000016eb98000,0x000000016eba4000] with protection modes 0
Event: 0.597 Protecting memory [0x000000016eda4000,0x000000016edb0000] with protection modes 0
Event: 0.597 Protecting memory [0x000000016efb0000,0x000000016efbc000] with protection modes 0
Event: 0.676 Protecting memory [0x000000016f1bc000,0x000000016f1c8000] with protection modes 0
Event: 0.705 Protecting memory [0x000000016e98c000,0x000000016e998000] with protection modes 3
Event: 0.726 Protecting memory [0x000000016e98c000,0x000000016e998000] with protection modes 0
Event: 1.201 Protecting memory [0x000000016e98c000,0x000000016e998000] with protection modes 3
Event: 1.307 Protecting memory [0x000000016f1bc000,0x000000016f1c8000] with protection modes 3
Event: 1.898 Protecting memory [0x000000016dd44000,0x000000016dd50000] with protection modes 3
Event: 1.898 Protecting memory [0x000000016e780000,0x000000016e78c000] with protection modes 3
Event: 1.898 Protecting memory [0x000000016db38000,0x000000016db44000] with protection modes 3
Event: 2.010 Protecting memory [0x000000016d92c000,0x000000016d938000] with protection modes 3
Event: 4.014 Protecting memory [0x000000016d720000,0x000000016d72c000] with protection modes 3

Nmethod flushes (20 events):
Event: 0.822 Thread 0x0000000a27812400 flushing  nmethod 0x0000000114912ec8
Event: 0.822 Thread 0x0000000a27812400 flushing  nmethod 0x0000000114937648
Event: 0.822 Thread 0x0000000a27812400 flushing  nmethod 0x000000011498a288
Event: 0.822 Thread 0x0000000a27812400 flushing  nmethod 0x00000001149e1408
Event: 0.822 Thread 0x0000000a27812400 flushing  nmethod 0x00000001149e2048
Event: 0.822 Thread 0x0000000a27812400 flushing  nmethod 0x00000001149e6008
Event: 0.822 Thread 0x0000000a27812400 flushing  nmethod 0x00000001149eedc8
Event: 0.822 Thread 0x0000000a27812400 flushing  nmethod 0x00000001149ef348
Event: 0.822 Thread 0x0000000a27812400 flushing  nmethod 0x00000001149efec8
Event: 0.822 Thread 0x0000000a27812400 flushing  nmethod 0x00000001149f1088
Event: 0.822 Thread 0x0000000a27812400 flushing  nmethod 0x00000001149f1308
Event: 0.822 Thread 0x0000000a27812400 flushing  nmethod 0x00000001149f17c8
Event: 0.822 Thread 0x0000000a27812400 flushing  nmethod 0x00000001149f3cc8
Event: 0.822 Thread 0x0000000a27812400 flushing  nmethod 0x0000000114a18148
Event: 0.822 Thread 0x0000000a27812400 flushing  nmethod 0x0000000114a1c788
Event: 0.822 Thread 0x0000000a27812400 flushing  nmethod 0x0000000114b0b608
Event: 0.822 Thread 0x0000000a27812400 flushing  nmethod 0x0000000114bcaac8
Event: 0.822 Thread 0x0000000a27812400 flushing  nmethod 0x0000000114bcb408
Event: 0.822 Thread 0x0000000a27812400 flushing  nmethod 0x0000000114bfa688
Event: 0.822 Thread 0x0000000a27812400 flushing  nmethod 0x0000000114bfae08

Events (20 events):
Event: 0.160 Thread 0x0000000a27806800 Thread added: 0x0000000a27807200
Event: 0.161 Thread 0x0000000a27806800 Thread added: 0x0000000a270f4000
Event: 0.161 Thread 0x0000000a27805e00 Thread added: 0x0000000a270f4a00
Event: 0.243 Thread 0x0000000a27807200 Thread added: 0x0000000a2783c000
Event: 0.377 Thread 0x00000001055d2490 Thread added: 0x0000000a27832800
Event: 0.541 Thread 0x0000000a27805e00 Thread added: 0x0000000a27861e00
Event: 0.595 Thread 0x00000001055d2490 Thread added: 0x0000000a27290800
Event: 0.597 Thread 0x00000001055d2490 Thread added: 0x0000000a27291000
Event: 0.597 Thread 0x00000001055d2490 Thread added: 0x0000000a27291800
Event: 0.597 Thread 0x00000001055d2490 Thread added: 0x0000000a27292000
Event: 0.676 Thread 0x0000000a27861e00 Thread added: 0x0000000a272ac000
Event: 0.705 Thread 0x0000000a27290800 Thread exited: 0x0000000a27290800
Event: 0.726 Thread 0x0000000a27805e00 Thread added: 0x0000000a278a7200
Event: 1.201 Thread 0x0000000a278a7200 Thread exited: 0x0000000a278a7200
Event: 1.307 Thread 0x0000000a272ac000 Thread exited: 0x0000000a272ac000
Event: 1.898 Thread 0x0000000a2783c000 Thread exited: 0x0000000a2783c000
Event: 1.898 Thread 0x0000000a27861e00 Thread exited: 0x0000000a27861e00
Event: 1.898 Thread 0x0000000a270f4a00 Thread exited: 0x0000000a270f4a00
Event: 2.010 Thread 0x0000000a270f4000 Thread exited: 0x0000000a270f4000
Event: 4.014 Thread 0x0000000a27807200 Thread exited: 0x0000000a27807200


Dynamic libraries:
0x0000000104d94000 	/Users/acehack/.local/share/mise/installs/java/26.0.0/lib/libjli.dylib
0x00000001a7316000 	/System/Library/Frameworks/ApplicationServices.framework/Versions/A/ApplicationServices
0x0000000191537000 	/System/Library/Frameworks/CoreGraphics.framework/Versions/A/CoreGraphics
0x000000018d6c1000 	/System/Library/Frameworks/CoreText.framework/Versions/A/CoreText
0x00000001978c8000 	/System/Library/Frameworks/ImageIO.framework/Versions/A/ImageIO
0x0000000191c8c000 	/System/Library/Frameworks/ColorSync.framework/Versions/A/ColorSync
0x000000019e774000 	/System/Library/Frameworks/ApplicationServices.framework/Versions/A/Frameworks/ATS.framework/Versions/A/ATS
0x00000001a2c56000 	/System/Library/Frameworks/CoreServices.framework/Versions/A/CoreServices
0x0000000191e34000 	/System/Library/Frameworks/ApplicationServices.framework/Versions/A/Frameworks/HIServices.framework/Versions/A/HIServices
0x000000019ce48000 	/System/Library/Frameworks/ApplicationServices.framework/Versions/A/Frameworks/PrintCore.framework/Versions/A/PrintCore
0x000000019eb26000 	/System/Library/Frameworks/ApplicationServices.framework/Versions/A/Frameworks/QD.framework/Versions/A/QD
0x000000019eb21000 	/System/Library/Frameworks/ApplicationServices.framework/Versions/A/Frameworks/ColorSyncLegacy.framework/Versions/A/ColorSyncLegacy
0x000000019e746000 	/System/Library/Frameworks/ApplicationServices.framework/Versions/A/Frameworks/SpeechSynthesis.framework/Versions/A/SpeechSynthesis
0x000000019a5c2000 	/usr/lib/libSystem.B.dylib
0x0000000190f82000 	/System/Library/PrivateFrameworks/SkyLight.framework/Versions/A/SkyLight
0x0000000192676000 	/System/Library/PrivateFrameworks/ProtocolBuffer.framework/Versions/A/ProtocolBuffer
0x000000019a5c6000 	/System/Library/PrivateFrameworks/SoftLinking.framework/Versions/A/SoftLinking
0x000000018e49e000 	/usr/lib/libicucore.A.dylib
0x0000000194323000 	/System/Library/PrivateFrameworks/CoreAnalytics.framework/Versions/A/CoreAnalytics
0x00000001972a3000 	/System/Library/PrivateFrameworks/FontServices.framework/libFontParser.dylib
0x00000001a2ed5000 	/System/Library/Frameworks/Accelerate.framework/Versions/A/Accelerate
0x0000000196dd5000 	/System/Library/Frameworks/IOSurface.framework/Versions/A/IOSurface
0x0000000195067000 	/usr/lib/libxml2.2.dylib
0x0000000190af4000 	/System/Library/Frameworks/CFNetwork.framework/Versions/A/CFNetwork
0x000000018a7df000 	/System/Library/Frameworks/CoreFoundation.framework/Versions/A/CoreFoundation
0x000000018c04b000 	/System/Library/Frameworks/Foundation.framework/Versions/C/Foundation
0x000000019a50c000 	/usr/lib/libz.1.dylib
0x000000018a33c000 	/usr/lib/libobjc.A.dylib
0x000000018a6af000 	/usr/lib/libc++.1.dylib
0x000000018e080000 	/System/Library/Frameworks/Security.framework/Versions/A/Security
0x0000000242a87000 	/System/Library/PrivateFrameworks/CollectionsInternal.framework/Versions/A/CollectionsInternal
0x000000019de2b000 	/usr/lib/swift/libswiftCore.dylib
0x00000001b79b4000 	/usr/lib/swift/libswiftCoreFoundation.dylib
0x00000001a49b6000 	/usr/lib/swift/libswiftDispatch.dylib
0x00000001b7a15000 	/usr/lib/swift/libswiftIOKit.dylib
0x00000001a7989000 	/usr/lib/swift/libswiftObjectiveC.dylib
0x00000001b79c7000 	/usr/lib/swift/libswiftXPC.dylib
0x000000028e861000 	/usr/lib/swift/libswift_Builtin_float.dylib
0x000000023f75e000 	/System/Library/PrivateFrameworks/BiomeLibrary.framework/Versions/A/BiomeLibrary
0x000000019291d000 	/System/Library/PrivateFrameworks/BaseBoard.framework/Versions/A/BaseBoard
0x00000001a4d17000 	/System/Library/PrivateFrameworks/BoardServices.framework/Versions/A/BoardServices
0x00000001a6be3000 	/System/Library/PrivateFrameworks/BackBoardServices.framework/Versions/A/BackBoardServices
0x000000023f663000 	/System/Library/PrivateFrameworks/BackBoardHIDEventFoundation.framework/Versions/A/BackBoardHIDEventFoundation
0x000000019514e000 	/System/Library/Frameworks/CoreVideo.framework/Versions/A/CoreVideo
0x0000000194353000 	/usr/lib/libDiagnosticMessagesClient.dylib
0x000000018d1dd000 	/System/Library/Frameworks/CoreDisplay.framework/Versions/A/CoreDisplay
0x000000019981f000 	/usr/lib/libbsm.0.dylib
0x000000019c7a1000 	/System/Library/Frameworks/VideoToolbox.framework/Versions/A/VideoToolbox
0x000000019a7e2000 	/System/Library/Frameworks/MetalPerformanceShaders.framework/Versions/A/MetalPerformanceShaders
0x00000001994cf000 	/System/Library/PrivateFrameworks/IOMobileFramebuffer.framework/Versions/A/IOMobileFramebuffer
0x000000026d2c5000 	/System/Library/PrivateFrameworks/ProDisplayLibrary.framework/Versions/A/ProDisplayLibrary
0x00000001aaa02000 	/System/Library/PrivateFrameworks/IOSurfaceAccelerator.framework/Versions/A/IOSurfaceAccelerator
0x0000000192a0f000 	/System/Library/PrivateFrameworks/RunningBoardServices.framework/Versions/A/RunningBoardServices
0x000000018bcba000 	/System/Library/Frameworks/SystemConfiguration.framework/Versions/A/SystemConfiguration
0x0000000196dfd000 	/System/Library/Frameworks/Metal.framework/Versions/A/Metal
0x0000000196df2000 	/System/Library/PrivateFrameworks/IOAccelerator.framework/Versions/A/IOAccelerator
0x0000000197101000 	/System/Library/Frameworks/CoreMedia.framework/Versions/A/CoreMedia
0x0000000190f5e000 	/System/Library/PrivateFrameworks/TCC.framework/Versions/A/TCC
0x0000000190ec6000 	/usr/lib/libMobileGestalt.dylib
0x000000019c759000 	/System/Library/PrivateFrameworks/WatchdogClient.framework/Versions/A/WatchdogClient
0x000000019487d000 	/System/Library/Frameworks/QuartzCore.framework/Versions/A/QuartzCore
0x000000018eaf6000 	/System/Library/Frameworks/IOKit.framework/Versions/A/IOKit
0x000000019a7ea000 	/usr/lib/libcompression.dylib
0x000000019c75b000 	/System/Library/PrivateFrameworks/MultitouchSupport.framework/Versions/A/MultitouchSupport
0x00000001cf77a000 	/usr/lib/swift/libswiftAccelerate.dylib
0x00000001b7994000 	/usr/lib/swift/libswiftCoreAudio.dylib
0x00000001d38e3000 	/usr/lib/swift/libswiftCoreMedia.dylib
0x00000001c5901000 	/usr/lib/swift/libswiftMetal.dylib
0x00000001d5091000 	/usr/lib/swift/libswiftOSLog.dylib
0x00000001cace2000 	/usr/lib/swift/libswiftQuartzCore.dylib
0x00000001cf76a000 	/usr/lib/swift/libswiftUniformTypeIdentifiers.dylib
0x000000028e849000 	/usr/lib/swift/libswiftVideoToolbox.dylib
0x00000001a798d000 	/usr/lib/swift/libswiftos.dylib
0x00000001bb4ef000 	/usr/lib/swift/libswiftsimd.dylib
0x00000001c695f000 	/System/Library/PrivateFrameworks/BiomeStreams.framework/Versions/A/BiomeStreams
0x00000001ccc35000 	/System/Library/PrivateFrameworks/BiomeStorage.framework/Versions/A/BiomeStorage
0x00000001c29e1000 	/System/Library/PrivateFrameworks/BiomeFoundation.framework/Versions/A/BiomeFoundation
0x000000025b968000 	/System/Library/PrivateFrameworks/IntelligencePlatformLibrary.framework/Versions/A/IntelligencePlatformLibrary
0x0000000192692000 	/usr/lib/libsqlite3.dylib
0x000000026c08d000 	/System/Library/PrivateFrameworks/PoirotSchematizer.framework/Versions/A/PoirotSchematizer
0x000000024000c000 	/System/Library/PrivateFrameworks/BiomeSync.framework/Versions/A/BiomeSync
0x000000023f744000 	/System/Library/PrivateFrameworks/BiomeDSL.framework/Versions/A/BiomeDSL
0x00000001ccbd4000 	/System/Library/PrivateFrameworks/BiomePubSub.framework/Versions/A/BiomePubSub
0x00000001b7876000 	/System/Library/PrivateFrameworks/LoggingSupport.framework/Versions/A/LoggingSupport
0x00000001a88f4000 	/System/Library/PrivateFrameworks/ProactiveSupport.framework/Versions/A/ProactiveSupport
0x00000001e5ba2000 	/System/Library/PrivateFrameworks/FeatureFlags.framework/Versions/A/FeatureFlags
0x00000001dda6c000 	/System/Library/PrivateFrameworks/InternalSwiftProtobuf.framework/Versions/A/InternalSwiftProtobuf
0x000000026c0fb000 	/System/Library/PrivateFrameworks/PoirotUDFs.framework/Versions/A/PoirotUDFs
0x000000028e992000 	/usr/lib/swift/libswift_StringProcessing.dylib
0x000000019a5bc000 	/usr/lib/system/libcache.dylib
0x000000019a577000 	/usr/lib/system/libcommonCrypto.dylib
0x000000019a5a2000 	/usr/lib/system/libcompiler_rt.dylib
0x000000019a597000 	/usr/lib/system/libcopyfile.dylib
0x000000018a4e4000 	/usr/lib/system/libcorecrypto.dylib
0x000000018a5e3000 	/usr/lib/system/libdispatch.dylib
0x000000018a38f000 	/usr/lib/system/libdyld.dylib
0x000000019a5b2000 	/usr/lib/system/libkeymgr.dylib
0x000000019a55a000 	/usr/lib/system/libmacho.dylib
0x00000001997f7000 	/usr/lib/system/libquarantine.dylib
0x000000019a5af000 	/usr/lib/system/libremovefile.dylib
0x0000000190f46000 	/usr/lib/system/libsystem_asl.dylib
0x000000018a46a000 	/usr/lib/system/libsystem_blocks.dylib
0x000000018a62e000 	/usr/lib/system/libsystem_c.dylib
0x000000019a5a6000 	/usr/lib/system/libsystem_collections.dylib
0x00000001981ac000 	/usr/lib/system/libsystem_configuration.dylib
0x0000000196d9c000 	/usr/lib/system/libsystem_containermanager.dylib
0x0000000199f96000 	/usr/lib/system/libsystem_coreservices.dylib
0x000000018e774000 	/usr/lib/system/libsystem_darwin.dylib
0x000000028eb82000 	/usr/lib/system/libsystem_darwindirectory.dylib
0x000000019a5b3000 	/usr/lib/system/libsystem_dnssd.dylib
0x000000028eb86000 	/usr/lib/system/libsystem_eligibility.dylib
0x000000018a62b000 	/usr/lib/system/libsystem_featureflags.dylib
0x000000018a7af000 	/usr/lib/system/libsystem_info.dylib
0x000000019a51b000 	/usr/lib/system/libsystem_m.dylib
0x000000018a592000 	/usr/lib/system/libsystem_malloc.dylib
0x0000000190ea9000 	/usr/lib/system/libsystem_networkextension.dylib
0x000000018ebdf000 	/usr/lib/system/libsystem_notify.dylib
0x00000001981b1000 	/usr/lib/system/libsystem_sandbox.dylib
0x000000028eb90000 	/usr/lib/system/libsystem_sanitizers.dylib
0x000000019a5ab000 	/usr/lib/system/libsystem_secinit.dylib
0x000000018a75b000 	/usr/lib/system/libsystem_kernel.dylib
0x000000018a7a6000 	/usr/lib/system/libsystem_platform.dylib
0x000000018a799000 	/usr/lib/system/libsystem_pthread.dylib
0x0000000192b01000 	/usr/lib/system/libsystem_symptoms.dylib
0x000000018a4c3000 	/usr/lib/system/libsystem_trace.dylib
0x000000028eb98000 	/usr/lib/system/libsystem_trial.dylib
0x000000019a585000 	/usr/lib/system/libunwind.dylib
0x000000018a46e000 	/usr/lib/system/libxpc.dylib
0x000000018a740000 	/usr/lib/libc++abi.dylib
0x000000028cea5000 	/usr/lib/libRosetta.dylib
0x000000028e3ed000 	/usr/lib/libswiftPrespecialized.dylib
0x000000019501e000 	/System/Library/PrivateFrameworks/CoreAutoLayout.framework/Versions/A/CoreAutoLayout
0x000000019a5c4000 	/usr/lib/libfakelink.dylib
0x000000019444e000 	/System/Library/Frameworks/DiskArbitration.framework/Versions/A/DiskArbitration
0x000000019a617000 	/usr/lib/libarchive.2.dylib
0x00000001981bf000 	/usr/lib/liblangid.dylib
0x00000001a090f000 	/System/Library/Frameworks/Combine.framework/Versions/A/Combine
0x000000026e399000 	/System/Library/PrivateFrameworks/ReflectionInternal.framework/Versions/A/ReflectionInternal
0x000000026f2e1000 	/System/Library/PrivateFrameworks/RuntimeInternal.framework/Versions/A/RuntimeInternal
0x00000001b485e000 	/usr/lib/swift/libswiftDarwin.dylib
0x000000028e82f000 	/usr/lib/swift/libswiftSystem.dylib
0x000000028e862000 	/usr/lib/swift/libswift_Concurrency.dylib
0x000000028e8ee000 	/usr/lib/swift/libswift_DarwinFoundation1.dylib
0x000000018ea76000 	/System/Library/PrivateFrameworks/CoreServicesInternal.framework/Versions/A/CoreServicesInternal
0x000000019a58f000 	/usr/lib/liboah.dylib
0x00000001a6dc1000 	/System/Library/PrivateFrameworks/DiskImages.framework/Versions/A/DiskImages
0x00000001b4304000 	/System/Library/Frameworks/NetFS.framework/Versions/A/NetFS
0x0000000194fe3000 	/System/Library/Frameworks/CoreServices.framework/Versions/A/Frameworks/FSEvents.framework/Versions/A/FSEvents
0x000000018e77e000 	/System/Library/Frameworks/CoreServices.framework/Versions/A/Frameworks/CarbonCore.framework/Versions/A/CarbonCore
0x00000001943c2000 	/System/Library/Frameworks/CoreServices.framework/Versions/A/Frameworks/Metadata.framework/Versions/A/Metadata
0x0000000199f9d000 	/System/Library/Frameworks/CoreServices.framework/Versions/A/Frameworks/OSServices.framework/Versions/A/OSServices
0x000000019a70f000 	/System/Library/Frameworks/CoreServices.framework/Versions/A/Frameworks/SearchKit.framework/Versions/A/SearchKit
0x0000000192a7b000 	/System/Library/Frameworks/CoreServices.framework/Versions/A/Frameworks/AE.framework/Versions/A/AE
0x000000018ad3d000 	/System/Library/Frameworks/CoreServices.framework/Versions/A/Frameworks/LaunchServices.framework/Versions/A/LaunchServices
0x000000019ba90000 	/System/Library/Frameworks/CoreServices.framework/Versions/A/Frameworks/DictionaryServices.framework/Versions/A/DictionaryServices
0x0000000194ff0000 	/System/Library/Frameworks/CoreServices.framework/Versions/A/Frameworks/SharedFileList.framework/Versions/A/SharedFileList
0x000000019a7a2000 	/usr/lib/libapple_nghttp2.dylib
0x000000019287b000 	/System/Library/Frameworks/Accounts.framework/Versions/A/Accounts
0x00000001a7003000 	/System/Library/PrivateFrameworks/AppSupport.framework/Versions/A/AppSupport
0x00000001b677d000 	/System/Library/Frameworks/AVFoundation.framework/Versions/A/AVFoundation
0x000000019eb5d000 	/System/Library/Frameworks/GSS.framework/Versions/A/GSS
0x000000019cf52000 	/System/Library/PrivateFrameworks/InternationalSupport.framework/Versions/A/InternationalSupport
0x00000001a7911000 	/System/Library/PrivateFrameworks/StreamingZip.framework/Versions/A/StreamingZip
0x0000000190ec4000 	/usr/lib/libenergytrace.dylib
0x0000000192b0a000 	/System/Library/Frameworks/Network.framework/Versions/A/Network
0x000000019a55e000 	/usr/lib/system/libkxld.dylib
0x000000023e0ee000 	/System/Library/PrivateFrameworks/AppleKeyStore.framework/Versions/A/AppleKeyStore
0x000000028cba7000 	/usr/lib/libCoreEntitlements.dylib
0x0000000262c17000 	/System/Library/PrivateFrameworks/MessageSecurity.framework/Versions/A/MessageSecurity
0x00000001a3dca000 	/System/Library/PrivateFrameworks/SymptomDiagnosticReporter.framework/Versions/A/SymptomDiagnosticReporter
0x000000019bcd5000 	/System/Library/PrivateFrameworks/CrashReporterSupport.framework/Versions/A/CrashReporterSupport
0x0000000199f7d000 	/System/Library/PrivateFrameworks/AppleFSCompression.framework/Versions/A/AppleFSCompression
0x0000000199807000 	/usr/lib/libcoretls.dylib
0x000000019bb06000 	/usr/lib/libcoretls_cfhelpers.dylib
0x000000019a7e4000 	/usr/lib/libpam.2.dylib
0x000000019bb7c000 	/usr/lib/libxar.1.dylib
0x000000019bb08000 	/System/Library/PrivateFrameworks/APFS.framework/Versions/A/APFS
0x000000027a9f4000 	/System/Library/PrivateFrameworks/SwiftASN1Internal.framework/Versions/A/SwiftASN1Internal
0x000000019bb8b000 	/usr/lib/libutil.dylib
0x00000001981ba000 	/System/Library/PrivateFrameworks/AppleSystemInfo.framework/Versions/A/AppleSystemInfo
0x00000001a6721000 	/System/Library/PrivateFrameworks/CoreWiFi.framework/Versions/A/CoreWiFi
0x000000019ebc0000 	/System/Library/PrivateFrameworks/MobileAsset.framework/Versions/A/MobileAsset
0x00000001a3dda000 	/System/Library/PrivateFrameworks/PowerLog.framework/Versions/A/PowerLog
0x00000001a5296000 	/System/Library/PrivateFrameworks/Rapport.framework/Versions/A/Rapport
0x0000000236db3000 	/System/Library/Frameworks/SwiftData.framework/Versions/A/SwiftData
0x000000019052a000 	/System/Library/Frameworks/UniformTypeIdentifiers.framework/Versions/A/UniformTypeIdentifiers
0x0000000195210000 	/System/Library/PrivateFrameworks/UserManagement.framework/Versions/A/UserManagement
0x0000000190a1b000 	/usr/lib/libboringssl.dylib
0x0000000192aef000 	/usr/lib/libdns_services.dylib
0x00000001b68b1000 	/usr/lib/libquic.dylib
0x000000019ddbc000 	/usr/lib/libusrtcp.dylib
0x000000023efa2000 	/System/Library/PrivateFrameworks/AtomicsInternal.framework/Versions/A/AtomicsInternal
0x000000028e6b6000 	/usr/lib/swift/libswiftDistributed.dylib
0x000000028e6df000 	/usr/lib/swift/libswiftObservation.dylib
0x000000028e81b000 	/usr/lib/swift/libswiftSynchronization.dylib
0x00000001981b8000 	/System/Library/PrivateFrameworks/AggregateDictionary.framework/Versions/A/AggregateDictionary
0x0000000192288000 	/System/Library/Frameworks/CoreData.framework/Versions/A/CoreData
0x0000000238dfe000 	/System/Library/Frameworks/_LocationEssentials.framework/Versions/A/_LocationEssentials
0x000000019bae7000 	/usr/lib/liblzma.5.dylib
0x0000000199700000 	/System/Library/PrivateFrameworks/MobileKeyBag.framework/Versions/A/MobileKeyBag
0x00000001a7317000 	/System/Library/PrivateFrameworks/InternationalTextSearch.framework/Versions/A/InternationalTextSearch
0x00000001beec6000 	/System/Library/PrivateFrameworks/SoftwareUpdateCoreSupport.framework/Versions/A/SoftwareUpdateCoreSupport
0x00000001c73fd000 	/System/Library/PrivateFrameworks/SoftwareUpdateCoreConnect.framework/Versions/A/SoftwareUpdateCoreConnect
0x00000001a6ebb000 	/System/Library/PrivateFrameworks/RemoteServiceDiscovery.framework/Versions/A/RemoteServiceDiscovery
0x00000001bea9c000 	/System/Library/PrivateFrameworks/MSUDataAccessor.framework/Versions/A/MSUDataAccessor
0x00000001b9a41000 	/usr/lib/libbootpolicy.dylib
0x00000001a6ed2000 	/System/Library/PrivateFrameworks/RemoteXPC.framework/Versions/A/RemoteXPC
0x00000001c6833000 	/usr/lib/libFDR.dylib
0x00000001cc7d6000 	/usr/lib/libamsupport.dylib
0x000000028ce9d000 	/usr/lib/libReverseProxyDevice.dylib
0x000000023d963000 	/System/Library/PrivateFrameworks/AppleDeviceQuerySupport.framework/Versions/A/AppleDeviceQuerySupport
0x00000001cf992000 	/usr/lib/libpartition2_dynamic.dylib
0x000000019a77e000 	/System/Library/PrivateFrameworks/AppleSauce.framework/Versions/A/AppleSauce
0x000000028ca52000 	/usr/lib/libAppleArchive.dylib
0x0000000199f89000 	/usr/lib/libbz2.1.0.dylib
0x0000000194458000 	/System/Library/Frameworks/Accelerate.framework/Versions/A/Frameworks/vImage.framework/Versions/A/vImage
0x00000001a2c31000 	/System/Library/Frameworks/Accelerate.framework/Versions/A/Frameworks/vecLib.framework/Versions/A/vecLib
0x000000019bbc2000 	/System/Library/Frameworks/Accelerate.framework/Versions/A/Frameworks/vecLib.framework/Versions/A/libvMisc.dylib
0x000000018b241000 	/System/Library/Frameworks/Accelerate.framework/Versions/A/Frameworks/vecLib.framework/Versions/A/libBLAS.dylib
0x000000022f810000 	/System/Library/Frameworks/OpenGL.framework/Versions/A/OpenGL
0x00000002516b1000 	/System/Library/PrivateFrameworks/GPUCompiler.framework/Versions/32023/Libraries/libllvm-flatbuffers.dylib
0x000000024c111000 	/System/Library/PrivateFrameworks/FramePacing.framework/Versions/A/FramePacing
0x000000022f802000 	/System/Library/Frameworks/OpenGL.framework/Versions/A/Libraries/libCoreFSCache.dylib
0x000000024d23e000 	/System/Library/PrivateFrameworks/GPUCompiler.framework/Versions/32023/Libraries/libGPUCompilerUtils.dylib
0x000000022f861000 	/System/Library/Frameworks/OpenGL.framework/Versions/A/Libraries/libGLU.dylib
0x000000022f824000 	/System/Library/Frameworks/OpenGL.framework/Versions/A/Libraries/libGFXShared.dylib
0x000000022f9f1000 	/System/Library/Frameworks/OpenGL.framework/Versions/A/Libraries/libGL.dylib
0x000000022f82d000 	/System/Library/Frameworks/OpenGL.framework/Versions/A/Libraries/libGLImage.dylib
0x000000022f821000 	/System/Library/Frameworks/OpenGL.framework/Versions/A/Libraries/libCVMSPluginSupport.dylib
0x000000022f80a000 	/System/Library/Frameworks/OpenGL.framework/Versions/A/Libraries/libCoreVMClient.dylib
0x000000019935d000 	/System/Library/Frameworks/Accelerate.framework/Versions/A/Frameworks/vecLib.framework/Versions/A/libvDSP.dylib
0x000000019a8bf000 	/System/Library/Frameworks/Accelerate.framework/Versions/A/Frameworks/vecLib.framework/Versions/A/libLAPACK.dylib
0x0000000199893000 	/System/Library/Frameworks/Accelerate.framework/Versions/A/Frameworks/vecLib.framework/Versions/A/libLinearAlgebra.dylib
0x000000019a7bb000 	/System/Library/Frameworks/Accelerate.framework/Versions/A/Frameworks/vecLib.framework/Versions/A/libSparseBLAS.dylib
0x000000019a8ba000 	/System/Library/Frameworks/Accelerate.framework/Versions/A/Frameworks/vecLib.framework/Versions/A/libQuadrature.dylib
0x00000001982e8000 	/System/Library/Frameworks/Accelerate.framework/Versions/A/Frameworks/vecLib.framework/Versions/A/libBNNS.dylib
0x000000018bb4c000 	/System/Library/Frameworks/Accelerate.framework/Versions/A/Frameworks/vecLib.framework/Versions/A/libSparse.dylib
0x000000025da11000 	/System/Library/PrivateFrameworks/MIL.framework/Versions/A/MIL
0x00000001c984c000 	/System/Library/PrivateFrameworks/OSAnalytics.framework/Versions/A/OSAnalytics
0x0000000249d83000 	/System/Library/PrivateFrameworks/DeviceRecovery.framework/Versions/A/DeviceRecovery
0x00000001a512f000 	/System/Library/PrivateFrameworks/CoreSymbolication.framework/Versions/A/CoreSymbolication
0x00000001d9157000 	/System/Library/PrivateFrameworks/Symbolication.framework/Versions/A/Symbolication
0x00000001a510d000 	/System/Library/PrivateFrameworks/DebugSymbols.framework/Versions/A/DebugSymbols
0x00000001b7905000 	/System/Library/PrivateFrameworks/MallocStackLogging.framework/Versions/A/MallocStackLogging
0x000000028e8f3000 	/usr/lib/swift/libswift_RegexParser.dylib
0x00000001a0a03000 	/System/Library/PrivateFrameworks/GeoServices.framework/Versions/A/GeoServices
0x000000019e446000 	/System/Library/PrivateFrameworks/LocationSupport.framework/Versions/A/LocationSupport
0x00000001a3cbf000 	/System/Library/Frameworks/CoreBluetooth.framework/Versions/A/CoreBluetooth
0x0000000255156000 	/System/Library/PrivateFrameworks/GeoServicesCore.framework/Versions/A/GeoServicesCore
0x00000001b075d000 	/System/Library/PrivateFrameworks/PhoneNumbers.framework/Versions/A/PhoneNumbers
0x000000019ed36000 	/System/Library/PrivateFrameworks/CorePhoneNumbers.framework/Versions/A/CorePhoneNumbers
0x000000019a5fc000 	/usr/lib/libiconv.2.dylib
0x000000019a559000 	/usr/lib/libcharset.1.dylib
0x0000000231886000 	/System/Library/Frameworks/ExtensionFoundation.framework/Versions/A/ExtensionFoundation
0x000000019c1b0000 	/System/Library/PrivateFrameworks/AppServerSupport.framework/Versions/A/AppServerSupport
0x0000000267b11000 	/System/Library/PrivateFrameworks/OSEligibility.framework/Versions/A/OSEligibility
0x000000019bfb2000 	/System/Library/PrivateFrameworks/IconServices.framework/Versions/A/IconServices
0x0000000232c71000 	/System/Library/Frameworks/LightweightCodeRequirements.framework/Versions/A/LightweightCodeRequirements
0x000000019be2c000 	/System/Library/PrivateFrameworks/PlugInKit.framework/Versions/A/PlugInKit
0x0000000199718000 	/System/Library/PrivateFrameworks/AssertionServices.framework/Versions/A/AssertionServices
0x000000019c553000 	/System/Library/PrivateFrameworks/AppleJPEG.framework/Versions/A/AppleJPEG
0x000000019bf2c000 	/usr/lib/libexpat.1.dylib
0x000000019cd1e000 	/System/Library/Frameworks/ImageIO.framework/Versions/A/Resources/libPng.dylib
0x000000019cd49000 	/System/Library/Frameworks/ImageIO.framework/Versions/A/Resources/libTIFF.dylib
0x000000019ce31000 	/System/Library/Frameworks/ImageIO.framework/Versions/A/Resources/libGIF.dylib
0x000000019c598000 	/System/Library/Frameworks/ImageIO.framework/Versions/A/Resources/libJP2.dylib
0x000000019bc3c000 	/usr/lib/libate.dylib
0x000000019cdd8000 	/System/Library/Frameworks/ImageIO.framework/Versions/A/Resources/libJPEG.dylib
0x000000019cdcf000 	/System/Library/Frameworks/ImageIO.framework/Versions/A/Resources/libRadiance.dylib
0x000000028e8f1000 	/usr/lib/swift/libswift_DarwinFoundation2.dylib
0x000000028e8f2000 	/usr/lib/swift/libswift_DarwinFoundation3.dylib
0x000000019bf51000 	/System/Library/PrivateFrameworks/IconFoundation.framework/Versions/A/IconFoundation
0x00000002584d6000 	/System/Library/PrivateFrameworks/IconRendering.framework/Versions/A/IconRendering
0x0000000194ce5000 	/System/Library/PrivateFrameworks/CoreUI.framework/Versions/A/CoreUI
0x0000000197c07000 	/System/Library/Frameworks/CoreImage.framework/Versions/A/CoreImage
0x000000026f4ad000 	/System/Library/PrivateFrameworks/SFSymbols.framework/Versions/A/SFSymbols
0x000000023173c000 	/System/Library/Frameworks/DeveloperToolsSupport.framework/Versions/A/DeveloperToolsSupport
0x00000001aeb2c000 	/System/Library/PrivateFrameworks/RenderBox.framework/Versions/A/RenderBox
0x000000019788a000 	/System/Library/PrivateFrameworks/CoreSVG.framework/Versions/A/CoreSVG
0x000000019cebb000 	/System/Library/PrivateFrameworks/TextureIO.framework/Versions/A/TextureIO
0x00000001b7a14000 	/usr/lib/swift/libswiftCoreImage.dylib
0x000000019c160000 	/System/Library/PrivateFrameworks/GraphVisualizer.framework/Versions/A/GraphVisualizer
0x000000024c01c000 	/System/Library/PrivateFrameworks/FontServices.framework/Versions/A/FontServices
0x000000019c170000 	/System/Library/PrivateFrameworks/OTSVG.framework/Versions/A/OTSVG
0x0000000194c93000 	/System/Library/Frameworks/ApplicationServices.framework/Versions/A/Frameworks/ATS.framework/Versions/A/Resources/libFontRegistry.dylib
0x000000028da2d000 	/usr/lib/libhvf.dylib
0x0000000268791000 	/System/Library/PrivateFrameworks/ParsingInternal.framework/Versions/A/ParsingInternal
0x000000024c020000 	/System/Library/PrivateFrameworks/FontServices.framework/libXTFontStaticRegistryData.dylib
0x00000001980f2000 	/System/Library/Frameworks/MetalPerformanceShaders.framework/Versions/A/Frameworks/MPSCore.framework/Versions/A/MPSCore
0x0000000199ee8000 	/System/Library/Frameworks/MetalPerformanceShaders.framework/Versions/A/Frameworks/MPSImage.framework/Versions/A/MPSImage
0x00000001998a7000 	/System/Library/Frameworks/MetalPerformanceShaders.framework/Versions/A/Frameworks/MPSNeuralNetwork.framework/Versions/A/MPSNeuralNetwork
0x0000000199ce6000 	/System/Library/Frameworks/MetalPerformanceShaders.framework/Versions/A/Frameworks/MPSMatrix.framework/Versions/A/MPSMatrix
0x0000000199afe000 	/System/Library/Frameworks/MetalPerformanceShaders.framework/Versions/A/Frameworks/MPSRayIntersector.framework/Versions/A/MPSRayIntersector
0x0000000199d18000 	/System/Library/Frameworks/MetalPerformanceShaders.framework/Versions/A/Frameworks/MPSNDArray.framework/Versions/A/MPSNDArray
0x0000000233af2000 	/System/Library/Frameworks/MetalPerformanceShaders.framework/Versions/A/Frameworks/MPSFunctions.framework/Versions/A/MPSFunctions
0x0000000233ad3000 	/System/Library/Frameworks/MetalPerformanceShaders.framework/Versions/A/Frameworks/MPSBenchmarkLoop.framework/Versions/A/MPSBenchmarkLoop
0x0000000233b06000 	/System/Library/Frameworks/MetalPerformanceShaders.framework/Versions/A/Frameworks/MPSHost.framework/Versions/A/MPSHost
0x000000018b058000 	/System/Library/PrivateFrameworks/MetalTools.framework/Versions/A/MetalTools
0x00000001bcc05000 	/System/Library/PrivateFrameworks/IOAccelMemoryInfo.framework/Versions/A/IOAccelMemoryInfo
0x00000001cb0d5000 	/System/Library/PrivateFrameworks/kperf.framework/Versions/A/kperf
0x00000001b7990000 	/System/Library/PrivateFrameworks/GPURawCounter.framework/Versions/A/GPURawCounter
0x00000001a8a7f000 	/System/Library/PrivateFrameworks/ASEProcessing.framework/Versions/A/ASEProcessing
0x000000026bc3c000 	/System/Library/PrivateFrameworks/PhotosensitivityProcessing.framework/Versions/A/PhotosensitivityProcessing
0x000000026f533000 	/System/Library/PrivateFrameworks/SILManager.framework/Versions/A/SILManager
0x000000027e107000 	/System/Library/PrivateFrameworks/Tightbeam.framework/Versions/A/Tightbeam
0x00000001c590f000 	/usr/lib/swift/libswiftCompression.dylib
0x00000001cfeff000 	/System/Library/PrivateFrameworks/AFKUser.framework/Versions/A/AFKUser
0x000000019ce03000 	/System/Library/Frameworks/ApplicationServices.framework/Versions/A/Frameworks/ATSUI.framework/Versions/A/ATSUI
0x000000019e4d6000 	/System/Library/Frameworks/AudioToolbox.framework/Versions/A/AudioToolbox
0x000000019a350000 	/System/Library/Frameworks/UserNotifications.framework/Versions/A/UserNotifications
0x00000001bd392000 	/System/Library/PrivateFrameworks/SiriInstrumentation.framework/Versions/A/SiriInstrumentation
0x000000027196a000 	/System/Library/PrivateFrameworks/SiriAnalytics.framework/Versions/A/SiriAnalytics
0x00000001bab26000 	/System/Library/PrivateFrameworks/FeedbackLogger.framework/Versions/A/FeedbackLogger
0x00000001d5329000 	/usr/lib/swift/libswiftAVFoundation.dylib
0x000000028092b000 	/System/Library/PrivateFrameworks/UnifiedAssetFramework.framework/Versions/A/UnifiedAssetFramework
0x000000018d2fe000 	/System/Library/PrivateFrameworks/AudioToolboxCore.framework/Versions/A/AudioToolboxCore
0x000000019e6ab000 	/System/Library/PrivateFrameworks/AudioSession.framework/Versions/A/AudioSession
0x00000001a9cfa000 	/System/Library/Frameworks/CoreMIDI.framework/Versions/A/CoreMIDI
0x000000019e72c000 	/usr/lib/libAudioStatistics.dylib
0x00000001970d7000 	/System/Library/PrivateFrameworks/caulk.framework/Versions/A/caulk
0x000000018d8ea000 	/System/Library/Frameworks/CoreAudio.framework/Versions/A/CoreAudio
0x000000019ccf8000 	/usr/lib/libAudioToolboxUtility.dylib
0x00000001be2c0000 	/usr/lib/swift/libswiftCoreMIDI.dylib
0x000000019eb2f000 	/System/Library/PrivateFrameworks/perfdata.framework/Versions/A/perfdata
0x00000001b69a6000 	/System/Library/PrivateFrameworks/SystemPolicy.framework/Versions/A/SystemPolicy
0x000000019e9d4000 	/usr/lib/libSMC.dylib
0x000000019eb3d000 	/usr/lib/libperfcheck.dylib
0x000000023f071000 	/System/Library/PrivateFrameworks/AudioAnalytics.framework/Versions/A/AudioAnalytics
0x00000001dd75e000 	/System/Library/Frameworks/OSLog.framework/Versions/A/OSLog
0x00000001b7937000 	/usr/lib/libmis.dylib
0x00000001a528b000 	/System/Library/PrivateFrameworks/CoreTime.framework/Versions/A/CoreTime
0x000000019c071000 	/System/Library/PrivateFrameworks/MediaExperience.framework/Versions/A/MediaExperience
0x000000019e480000 	/System/Library/PrivateFrameworks/AudioSession.framework/libSessionUtility.dylib
0x000000019ce37000 	/System/Library/PrivateFrameworks/CMCaptureCore.framework/Versions/A/CMCaptureCore
0x000000019c1bd000 	/usr/lib/libspindump.dylib
0x000000019958c000 	/System/Library/PrivateFrameworks/CoreUtils.framework/Versions/A/CoreUtils
0x00000001af85e000 	/System/Library/PrivateFrameworks/HID.framework/Versions/A/HID
0x000000024902a000 	/System/Library/PrivateFrameworks/CoreUtilsExtras.framework/Versions/A/CoreUtilsExtras
0x000000025842b000 	/System/Library/PrivateFrameworks/IO80211.framework/Versions/A/IO80211
0x00000001a065d000 	/System/Library/Frameworks/IOBluetooth.framework/Versions/A/IOBluetooth
0x000000028e6fe000 	/usr/lib/swift/libswiftRegexBuilder.dylib
0x000000019bccc000 	/usr/lib/libIOReport.dylib
0x00000001e5c26000 	/System/Library/PrivateFrameworks/WiFiPeerToPeer.framework/Versions/A/WiFiPeerToPeer
0x0000000199727000 	/System/Library/Frameworks/SecurityFoundation.framework/Versions/A/SecurityFoundation
0x00000002416ee000 	/System/Library/PrivateFrameworks/Centauri.framework/Versions/A/Centauri
0x000000018ba3c000 	/System/Library/PrivateFrameworks/Lexicon.framework/Versions/A/Lexicon
0x000000028de7d000 	/usr/lib/libmrc.dylib
0x0000000258496000 	/System/Library/PrivateFrameworks/IPConfiguration.framework/Versions/A/IPConfiguration
0x00000001d992f000 	/System/Library/PrivateFrameworks/Netrb.framework/Versions/A/Netrb
0x00000001a4c3d000 	/System/Library/PrivateFrameworks/FrontBoardServices.framework/Versions/A/FrontBoardServices
0x0000000199890000 	/usr/lib/libgermantok.dylib
0x00000001982e1000 	/System/Library/PrivateFrameworks/LinguisticData.framework/Versions/A/LinguisticData
0x00000001a4de4000 	/System/Library/PrivateFrameworks/GraphicsServices.framework/Versions/A/GraphicsServices
0x00000001a3ec8000 	/System/Library/PrivateFrameworks/MediaKit.framework/Versions/A/MediaKit
0x00000001a3e16000 	/System/Library/Frameworks/DiscRecording.framework/Versions/A/DiscRecording
0x000000019bf47000 	/usr/lib/libheimdal-asn1.dylib
0x00000001a78e7000 	/System/Library/Frameworks/AudioUnit.framework/Versions/A/AudioUnit
0x0000000194fab000 	/System/Library/Frameworks/OpenDirectory.framework/Versions/A/OpenDirectory
0x0000000194fb9000 	/System/Library/Frameworks/OpenDirectory.framework/Versions/A/Frameworks/CFOpenDirectory.framework/Versions/A/CFOpenDirectory
0x000000022fd7d000 	/System/Library/Frameworks/AVFAudio.framework/Versions/A/AVFAudio
0x000000022fec1000 	/System/Library/Frameworks/AVRouting.framework/Versions/A/AVRouting
0x00000001b0875000 	/usr/lib/libAccessibility.dylib
0x000000025c2e4000 	/System/Library/PrivateFrameworks/IsolatedCoreAudioClient.framework/Versions/A/IsolatedCoreAudioClient
0x0000000244e80000 	/System/Library/PrivateFrameworks/CoreAudioOrchestration.framework/Versions/A/CoreAudioOrchestration
0x000000019d31f000 	/System/Library/Frameworks/MediaToolbox.framework/Versions/A/MediaToolbox
0x00000001a3fee000 	/System/Library/PrivateFrameworks/CoreAVCHD.framework/Versions/A/CoreAVCHD
0x00000001a2f24000 	/System/Library/Frameworks/MediaAccessibility.framework/Versions/A/MediaAccessibility
0x00000001a3fea000 	/System/Library/PrivateFrameworks/Mangrove.framework/Versions/A/Mangrove
0x0000000240d2c000 	/System/Library/PrivateFrameworks/CMPhoto.framework/Versions/A/CMPhoto
0x00000001a47b2000 	/System/Library/Frameworks/CoreTelephony.framework/Versions/A/CoreTelephony
0x00000001a3fdd000 	/System/Library/PrivateFrameworks/CoreAUC.framework/Versions/A/CoreAUC
0x000000023df1f000 	/System/Library/PrivateFrameworks/AppleJPEGXL.framework/Versions/A/AppleJPEGXL
0x0000000282810000 	/System/Library/PrivateFrameworks/VideoToolboxParavirtualizationSupport.framework/Versions/A/VideoToolboxParavirtualizationSupport
0x000000019bee3000 	/System/Library/PrivateFrameworks/AppleVA.framework/Versions/A/AppleVA
0x000000019ed46000 	/usr/lib/libTelephonyUtilDynamic.dylib
0x000000019cdca000 	/System/Library/PrivateFrameworks/GPUWrangler.framework/Versions/A/GPUWrangler
0x000000019cdaa000 	/System/Library/PrivateFrameworks/IOPresentment.framework/Versions/A/IOPresentment
0x000000019cdd2000 	/System/Library/PrivateFrameworks/DSExternalDisplay.framework/Versions/A/DSExternalDisplay
0x00000001e07c5000 	/System/Library/Frameworks/CryptoKit.framework/Versions/A/CryptoKit
0x00000001a78e2000 	/System/Library/PrivateFrameworks/CryptoKitCBridging.framework/Versions/A/CryptoKitCBridging
0x00000001a4df6000 	/System/Library/Frameworks/CryptoTokenKit.framework/Versions/A/CryptoTokenKit
0x0000000249805000 	/System/Library/PrivateFrameworks/Dendrite.framework/Versions/A/Dendrite
0x00000001b753a000 	/System/Library/Frameworks/NaturalLanguage.framework/Versions/A/NaturalLanguage
0x0000000254e62000 	/System/Library/PrivateFrameworks/GenerativeModels.framework/Versions/A/GenerativeModels
0x00000001e5bae000 	/usr/lib/swift/libswiftNaturalLanguage.dylib
0x000000023ea91000 	/System/Library/PrivateFrameworks/AppleMobileFileIntegrity.framework/Versions/A/AppleMobileFileIntegrity
0x000000028cf14000 	/usr/lib/libTLE.dylib
0x00000001ef1ca000 	/System/Library/PrivateFrameworks/ConfigProfileHelper.framework/Versions/A/ConfigProfileHelper
0x00000001a7a71000 	/System/Library/PrivateFrameworks/Espresso.framework/Versions/A/Espresso
0x0000000195738000 	/System/Library/Frameworks/CoreML.framework/Versions/A/CoreML
0x00000001e3a6e000 	/usr/lib/libedit.3.dylib
0x000000022cb8c000 	/System/Library/PrivateFrameworks/ANECompiler.framework/Versions/A/ANECompiler
0x00000001a9b3f000 	/System/Library/PrivateFrameworks/AppleNeuralEngine.framework/Versions/A/AppleNeuralEngine
0x0000000233b0c000 	/System/Library/Frameworks/MetalPerformanceShadersGraph.framework/Versions/A/MetalPerformanceShadersGraph
0x000000025e180000 	/System/Library/PrivateFrameworks/MLCompilerServices.framework/Versions/A/MLCompilerServices
0x00000001a88c3000 	/System/Library/PrivateFrameworks/ANEServices.framework/Versions/A/ANEServices
0x00000001bcbc8000 	/usr/lib/libncurses.5.4.dylib
0x000000018ebf1000 	/usr/lib/libsandbox.1.dylib
0x000000019be6d000 	/usr/lib/libMatch.1.dylib
0x0000000267893000 	/System/Library/PrivateFrameworks/ODIE.framework/Versions/A/ODIE
0x0000000260e0d000 	/System/Library/PrivateFrameworks/MLModelAsset.framework/Versions/A/MLModelAsset
0x000000025e126000 	/System/Library/PrivateFrameworks/MLCompilerRuntime.framework/Versions/A/MLCompilerRuntime
0x0000000199b53000 	/System/Library/Frameworks/MLCompute.framework/Versions/A/MLCompute
0x000000025e0a8000 	/System/Library/PrivateFrameworks/MLAssetIO.framework/Versions/A/MLAssetIO
0x000000028e6d0000 	/usr/lib/swift/libswiftMLCompute.dylib
0x00000001a49cd000 	/System/Library/PrivateFrameworks/AVFCore.framework/Versions/A/AVFCore
0x00000001ae17e000 	/System/Library/PrivateFrameworks/AVFCapture.framework/Versions/A/AVFCapture
0x0000000240b23000 	/System/Library/PrivateFrameworks/CMImaging.framework/Versions/A/CMImaging
0x00000001ae3c0000 	/System/Library/PrivateFrameworks/Quagga.framework/Versions/A/Quagga
0x00000001ae4f1000 	/System/Library/PrivateFrameworks/CMCapture.framework/Versions/A/CMCapture
0x000000019e8d1000 	/System/Library/Frameworks/CoreMediaIO.framework/Versions/A/CoreMediaIO
0x0000000240a5e000 	/System/Library/PrivateFrameworks/CMCaptureDevice.framework/Versions/A/CMCaptureDevice
0x000000019c2a9000 	/System/Library/PrivateFrameworks/CoreBrightness.framework/Versions/A/CoreBrightness
0x0000000241be4000 	/System/Library/PrivateFrameworks/CinematicFraming.framework/Versions/A/CinematicFraming
0x0000000263ee0000 	/System/Library/PrivateFrameworks/ModelManagerServices.framework/Versions/A/ModelManagerServices
0x00000001d239e000 	/System/Library/PrivateFrameworks/CPMS.framework/Versions/A/CPMS
0x000000027b841000 	/System/Library/PrivateFrameworks/SystemStatus.framework/Versions/A/SystemStatus
0x00000001b637b000 	/System/Library/Frameworks/CoreMotion.framework/Versions/A/CoreMotion
0x00000001c68de000 	/System/Library/PrivateFrameworks/TimeSync.framework/Versions/A/TimeSync
0x000000024a1b6000 	/System/Library/PrivateFrameworks/DistributedSensing.framework/Versions/A/DistributedSensing
0x00000001c1cf8000 	/System/Library/PrivateFrameworks/MobileBluetooth.framework/Versions/A/MobileBluetooth
0x00000001c859a000 	/System/Library/PrivateFrameworks/IOKitten.framework/Versions/A/IOKitten
0x000000025d8f3000 	/System/Library/PrivateFrameworks/LocationLogEncryption.framework/Versions/A/LocationLogEncryption
0x000000023dd9d000 	/System/Library/PrivateFrameworks/AppleIntelligenceReporting.framework/Versions/A/AppleIntelligenceReporting
0x000000024163a000 	/System/Library/PrivateFrameworks/CascadeSets.framework/Versions/A/CascadeSets
0x000000019949b000 	/System/Library/PrivateFrameworks/CoreEmoji.framework/Versions/A/CoreEmoji
0x000000018bd4e000 	/usr/lib/libCRFSuite.dylib
0x000000018d02e000 	/System/Library/PrivateFrameworks/LanguageModeling.framework/Versions/A/LanguageModeling
0x00000001981c1000 	/System/Library/PrivateFrameworks/CoreNLP.framework/Versions/A/CoreNLP
0x0000000191f9d000 	/System/Library/PrivateFrameworks/Montreal.framework/Versions/A/Montreal
0x000000019a604000 	/usr/lib/libcmph.dylib
0x0000000199831000 	/usr/lib/libmecab.dylib
0x000000019a775000 	/usr/lib/libThaiTokenizer.dylib
0x0000000254f45000 	/System/Library/PrivateFrameworks/GenerativeModelsFoundation.framework/Versions/A/GenerativeModelsFoundation
0x000000027e60a000 	/System/Library/PrivateFrameworks/TokenGeneration.framework/Versions/A/TokenGeneration
0x0000000254d18000 	/System/Library/PrivateFrameworks/GenerativeFunctions.framework/Versions/A/GenerativeFunctions
0x0000000254d66000 	/System/Library/PrivateFrameworks/GenerativeFunctionsFoundation.framework/Versions/A/GenerativeFunctionsFoundation
0x0000000263ba5000 	/System/Library/PrivateFrameworks/ModelCatalog.framework/Versions/A/ModelCatalog
0x0000000270b88000 	/System/Library/PrivateFrameworks/SensitiveContentAnalysisML.framework/Versions/A/SensitiveContentAnalysisML
0x0000000254dfc000 	/System/Library/PrivateFrameworks/GenerativeFunctionsInstrumentation.framework/Versions/A/GenerativeFunctionsInstrumentation
0x000000026da2b000 	/System/Library/PrivateFrameworks/PromptKit.framework/Versions/A/PromptKit
0x000000026d464000 	/System/Library/PrivateFrameworks/ProactiveDaemonSupport.framework/Versions/A/ProactiveDaemonSupport
0x000000027e842000 	/System/Library/PrivateFrameworks/TokenGenerationCore.framework/Versions/A/TokenGenerationCore
0x00000001b8403000 	/System/Library/PrivateFrameworks/Trial.framework/Versions/A/Trial
0x00000001b8384000 	/System/Library/PrivateFrameworks/TrialProto.framework/Versions/A/TrialProto
0x000000023d9ca000 	/System/Library/PrivateFrameworks/AppleFlatBuffers.framework/Versions/A/AppleFlatBuffers
0x0000000270e58000 	/System/Library/PrivateFrameworks/SentencePieceInternal.framework/Versions/A/SentencePieceInternal
0x00000001a2f7d000 	/System/Library/Frameworks/Vision.framework/Versions/A/Vision
0x0000000248d23000 	/System/Library/PrivateFrameworks/CoreSceneUnderstanding.framework/Versions/A/CoreSceneUnderstanding
0x0000000283414000 	/System/Library/PrivateFrameworks/VisionCore.framework/Versions/A/VisionCore
0x000000019d25c000 	/System/Library/PrivateFrameworks/DataDetectorsCore.framework/Versions/A/DataDetectorsCore
0x00000001c0c87000 	/System/Library/Frameworks/Vision.framework/libfaceCore.dylib
0x00000001c17a1000 	/System/Library/PrivateFrameworks/Futhark.framework/Versions/A/Futhark
0x00000001c56c8000 	/System/Library/PrivateFrameworks/InertiaCam.framework/Versions/A/InertiaCam
0x00000001c152e000 	/System/Library/PrivateFrameworks/TextRecognition.framework/Versions/A/TextRecognition
0x0000000231725000 	/System/Library/Frameworks/DataDetection.framework/Versions/A/DataDetection
0x00000001bb772000 	/System/Library/PrivateFrameworks/TextInput.framework/Versions/A/TextInput
0x000000019bd0a000 	/System/Library/PrivateFrameworks/CVNLP.framework/Versions/A/CVNLP
0x000000023120a000 	/System/Library/Frameworks/CoreTransferable.framework/Versions/A/CoreTransferable
0x000000019eb14000 	/System/Library/PrivateFrameworks/NetAuth.framework/Versions/A/NetAuth
0x00000001951cf000 	/System/Library/PrivateFrameworks/login.framework/Versions/A/Frameworks/loginsupport.framework/Versions/A/loginsupport
0x0000000190371000 	/System/Library/PrivateFrameworks/UIFoundation.framework/Versions/A/UIFoundation
0x000000019c1c4000 	/System/Library/PrivateFrameworks/Heimdal.framework/Versions/A/Heimdal
0x000000019e7bc000 	/usr/lib/libresolv.9.dylib
0x000000019ebaf000 	/System/Library/PrivateFrameworks/CommonAuth.framework/Versions/A/CommonAuth
0x00000001997fb000 	/usr/lib/libCheckFix.dylib
0x0000000194355000 	/System/Library/PrivateFrameworks/MetadataUtilities.framework/Versions/A/MetadataUtilities
0x0000000258f2b000 	/System/Library/PrivateFrameworks/InstalledContentLibrary.framework/Versions/A/InstalledContentLibrary
0x000000018eab6000 	/System/Library/PrivateFrameworks/CoreServicesStore.framework/Versions/A/CoreServicesStore
0x000000019501a000 	/usr/lib/libapp_launch_measurement.dylib
0x00000001cb1ec000 	/System/Library/PrivateFrameworks/MobileSystemServices.framework/Versions/A/MobileSystemServices
0x000000019bb8f000 	/usr/lib/libxslt.1.dylib
0x00000001997ba000 	/System/Library/PrivateFrameworks/BackgroundTaskManagement.framework/Versions/A/BackgroundTaskManagement
0x00000001a6f7c000 	/usr/lib/libcurl.4.dylib
0x000000028d7e1000 	/usr/lib/libcrypto.46.dylib
0x000000028e37a000 	/usr/lib/libssl.48.dylib
0x00000001a6c56000 	/System/Library/Frameworks/LDAP.framework/Versions/A/LDAP
0x000000019eb4b000 	/System/Library/Frameworks/Kerberos.framework/Versions/A/Kerberos
0x00000001a6c92000 	/System/Library/PrivateFrameworks/TrustEvaluationAgent.framework/Versions/A/TrustEvaluationAgent
0x000000019e7d9000 	/usr/lib/libsasl2.2.dylib
0x00000001a78e6000 	/System/Library/Frameworks/Kerberos.framework/Versions/A/Libraries/libHeimdalProxy.dylib
0x000000026c050000 	/System/Library/PrivateFrameworks/PoirotSQLite.framework/Versions/A/PoirotSQLite
0x00000001ddc43000 	/System/Library/PrivateFrameworks/HIDDisplay.framework/Versions/A/HIDDisplay
0x000000019eab5000 	/usr/lib/libcups.2.dylib
0x00000001b0769000 	/System/Library/PrivateFrameworks/AXCoreUtilities.framework/Versions/A/AXCoreUtilities
0x00000001c0ad2000 	/System/Library/PrivateFrameworks/AttributeGraph.framework/Versions/A/AttributeGraph
0x000000028ca15000 	/usr/lib/libAXSafeCategoryBundle.dylib
0x0000000237e97000 	/System/Library/Frameworks/TabularData.framework/Versions/A/TabularData
0x000000023ec40000 	/System/Library/PrivateFrameworks/ArgumentParserInternal.framework/Versions/A/ArgumentParserInternal
0x00000001a9eed000 	/System/Library/Frameworks/Cocoa.framework/Versions/A/Cocoa
0x000000018ec4e000 	/System/Library/Frameworks/AppKit.framework/Versions/C/AppKit
0x0000000242a62000 	/System/Library/PrivateFrameworks/CollectionViewCore.framework/Versions/A/CollectionViewCore
0x0000000197884000 	/System/Library/PrivateFrameworks/XCTTargetBootstrap.framework/Versions/A/XCTTargetBootstrap
0x000000019d2ae000 	/System/Library/PrivateFrameworks/UserActivity.framework/Versions/A/UserActivity
0x000000024c11e000 	/System/Library/PrivateFrameworks/FrontBoard.framework/Versions/A/FrontBoard
0x0000000280250000 	/System/Library/PrivateFrameworks/UIIntelligenceSupport.framework/Versions/A/UIIntelligenceSupport
0x0000000236f20000 	/System/Library/Frameworks/SwiftUICore.framework/Versions/A/SwiftUICore
0x0000000286d69000 	/System/Library/PrivateFrameworks/WritingTools.framework/Versions/A/WritingTools
0x0000000285b72000 	/System/Library/PrivateFrameworks/WindowManagement.framework/Versions/A/WindowManagement
0x000000024be53000 	/System/Library/PrivateFrameworks/FocusEngine.framework/Versions/A/FocusEngine
0x0000000249875000 	/System/Library/PrivateFrameworks/DesignLibrary.framework/Versions/A/DesignLibrary
0x000000019786f000 	/System/Library/PrivateFrameworks/DFRFoundation.framework/Versions/A/DFRFoundation
0x0000000281144000 	/System/Library/PrivateFrameworks/UpdateCycle.framework/Versions/A/UpdateCycle
0x0000000197573000 	/System/Library/Frameworks/Carbon.framework/Versions/A/Frameworks/HIToolbox.framework/Versions/A/HIToolbox
0x00000001a2845000 	/System/Library/Frameworks/Carbon.framework/Versions/A/Frameworks/SpeechRecognition.framework/Versions/A/SpeechRecognition
0x0000000194fa1000 	/System/Library/PrivateFrameworks/PerformanceAnalysis.framework/Versions/A/PerformanceAnalysis
0x00000001a2bd4000 	/System/Library/Frameworks/Accessibility.framework/Versions/A/Accessibility
0x0000000237e7d000 	/System/Library/Frameworks/Symbols.framework/Versions/A/Symbols
0x0000000255304000 	/System/Library/PrivateFrameworks/Gestures.framework/Versions/A/Gestures
0x000000028e7a1000 	/usr/lib/swift/libswiftSpatial.dylib
0x00000001b485d000 	/usr/lib/swift/libswiftCoreGraphics.dylib
0x00000001a3617000 	/usr/lib/swift/libswiftFoundation.dylib
0x00000001eeb6e000 	/usr/lib/swift/libswiftSwiftOnoneSupport.dylib
0x000000028ea27000 	/usr/lib/swift/libswiftsys_time.dylib
0x00000001d996d000 	/System/Library/PrivateFrameworks/CoreMaterial.framework/Versions/A/CoreMaterial
0x000000028cf11000 	/usr/lib/libSpatial.dylib
0x000000028c932000 	/System/Library/SubFrameworks/UIUtilities.framework/Versions/A/UIUtilities
0x000000010ab54000 	/Users/acehack/.local/share/mise/installs/java/26.0.0/lib/server/libjvm.dylib
0x0000000104dc8000 	/Users/acehack/.local/share/mise/installs/java/26.0.0/lib/libjimage.dylib
0x0000000104e4c000 	/Users/acehack/.local/share/mise/installs/java/26.0.0/lib/libjava.dylib
0x0000000105100000 	/Users/acehack/.local/share/mise/installs/java/26.0.0/lib/libnio.dylib
0x0000000109b88000 	/Users/acehack/.local/share/mise/installs/java/26.0.0/lib/libnet.dylib
0x0000000109ba0000 	/Users/acehack/.local/share/mise/installs/java/26.0.0/lib/libzip.dylib
0x0000000109bc0000 	/Users/acehack/.local/share/mise/installs/java/26.0.0/lib/libmanagement.dylib
0x0000000109bd4000 	/Users/acehack/.local/share/mise/installs/java/26.0.0/lib/libmanagement_ext.dylib

JVMTI agents: none


VM Arguments:
java_command: tlc2.TLC DbspSpec
java_class_path (initial): /Users/acehack/.local/share/zeta-otto/tools/tla/tla2tools.jar
Launcher Type: SUN_STANDARD

[Global flags]
     bool AOTAdapterCaching                        = false                                  {diagnostic} {ergonomic}
     bool AOTInvokeDynamicLinking                  = false                                  {diagnostic} {ergonomic}
     bool AOTRecordTraining                        = false                                  {diagnostic} {ergonomic}
     bool AOTReplayTraining                        = false                                  {diagnostic} {ergonomic}
     bool AOTStubCaching                           = false                                  {diagnostic} {ergonomic}
     intx CICompilerCount                          = 12                                        {product} {ergonomic}
     uint ConcGCThreads                            = 5                                         {product} {ergonomic}
     uint G1ConcRefinementThreads                  = 18                                        {product} {ergonomic}
     uint G1EagerReclaimRemSetThreshold            = 128                                  {experimental} {ergonomic}
   size_t G1HeapRegionSize                         = 16777216                                  {product} {ergonomic}
     uint G1RemSetArrayOfCardsEntries              = 128                                  {experimental} {ergonomic}
     uint G1RemSetHowlMaxNumBuckets                = 8                                    {experimental} {ergonomic}
     uint G1RemSetHowlNumBuckets                   = 8                                    {experimental} {ergonomic}
   size_t InitialHeapSize                          = 16777216                                  {product} {ergonomic}
   size_t MarkStackSize                            = 4194304                                   {product} {ergonomic}
   size_t MarkStackSizeMax                         = 536870912                                 {product} {ergonomic}
   size_t MaxHeapSize                              = 32178700288                               {product} {ergonomic}
   size_t MaxNewSize                               = 19293798400                               {product} {ergonomic}
 uint64_t MaxRAM                                   = 206158430208                              {product} {ergonomic}
   size_t MinHeapDeltaBytes                        = 16777216                                  {product} {ergonomic}
   size_t MinHeapSize                              = 16777216                                  {product} {ergonomic}
   size_t NonNMethodCodeHeapSize                   = 7602176                                {pd product} {ergonomic}
   size_t NonProfiledCodeHeapSize                  = 122044416                              {pd product} {ergonomic}
   size_t ProfiledCodeHeapSize                     = 122011648                              {pd product} {ergonomic}
   size_t ReservedCodeCacheSize                    = 251658240                              {pd product} {ergonomic}
     bool SegmentedCodeCache                       = true                                      {product} {ergonomic}
   size_t SoftMaxHeapSize                          = 32178700288                            {manageable} {ergonomic}
     bool UseCompressedOops                        = true                           {product lp64_product} {ergonomic}
     bool UseCondCardMark                          = true                                      {product} {ergonomic}
     bool UseG1GC                                  = true                                      {product} {ergonomic}
     bool UseNUMA                                  = false                                     {product} {ergonomic}
     bool UseNUMAInterleaving                      = false                                     {product} {ergonomic}

Logging:
Log output configuration:
 #0: stdout all=warning uptime,level,tags foldmultilines=false
 #1: stderr all=off uptime,level,tags foldmultilines=false

Release file:
IMPLEMENTOR="Oracle Corporation"
JAVA_RUNTIME_VERSION="26+35-2893"
JAVA_VERSION="26"
JAVA_VERSION_DATE="2026-03-17"
LIBC="default"
MODULES="java.base java.compiler java.datatransfer java.xml java.prefs java.desktop java.instrument java.logging java.management java.security.sasl java.naming java.rmi java.management.rmi java.net.http java.scripting java.security.jgss java.transaction.xa java.sql java.sql.rowset java.xml.crypto java.se java.smartcardio jdk.accessibility jdk.internal.jvmstat jdk.attach jdk.charsets jdk.internal.opt jdk.zipfs jdk.compiler jdk.crypto.cryptoki jdk.crypto.ec jdk.dynalink jdk.internal.ed jdk.editpad jdk.internal.vm.ci jdk.graal.compiler jdk.graal.compiler.management jdk.hotspot.agent jdk.httpserver jdk.incubator.vector jdk.internal.le jdk.internal.md jdk.jartool jdk.javadoc jdk.jcmd jdk.management jdk.management.agent jdk.jconsole jdk.jdeps jdk.jdwp.agent jdk.jdi jdk.jfr jdk.jlink jdk.jpackage jdk.jshell jdk.jstatd jdk.localedata jdk.management.jfr jdk.naming.dns jdk.naming.rmi jdk.net jdk.nio.mapmode jdk.sctp jdk.security.auth jdk.security.jgss jdk.unsupported jdk.unsupported.desktop jdk.xml.dom"
OS_ARCH="aarch64"
OS_NAME="Darwin"
SOURCE=".:git:4408cd2a07a1"

Environment Variables:
JAVA_HOME=/Users/acehack/.local/share/mise/installs/java/26.0.0
PATH=/Users/acehack/.local/bin:/Users/acehack/.local/bin:/Users/acehack/.elan/bin:/opt/homebrew/bin:/opt/homebrew/sbin:/usr/local/bin:/System/Cryptexes/App/usr/bin:/usr/bin:/bin:/usr/sbin:/sbin:/var/run/com.apple.security.cryptexd/codex.system/bootstrap/usr/local/bin:/var/run/com.apple.security.cryptexd/codex.system/bootstrap/usr/bin:/var/run/com.apple.security.cryptexd/codex.system/bootstrap/usr/appleinternal/bin:/opt/pkg/env/active/bin:/opt/pmk/env/global/bin:/Library/Apple/usr/bin:/Library/TeX/texbin:/usr/local/share/dotnet:~/.dotnet/tools:/Users/acehack/.grok/bin:/Users/acehack/.antigravity-ide/antigravity-ide/bin:/Users/acehack/.antigravity/antigravity/bin:/Users/acehack/.local/share/mise/dotnet-root:/Users/acehack/.local/share/mise/installs/python/3.14/bin:/Users/acehack/.local/share/mise/installs/java/26/bin:/Users/acehack/.local/share/mise/installs/bun/1.3/bin:/Users/acehack/.local/share/mise/installs/uv/0.11.16/uv-aarch64-apple-darwin:/Users/acehack/.local/share/mise/installs/actionlint/1.7.12:/Users/acehack/.local/share/mise/installs/shellcheck/0.11.0/shellcheck-v0.11.0:/Users/acehack/.local/share/mise/installs/k3d/5.8.3:/Users/acehack/.local/share/mise/installs/kind/0.31.0:/Users/acehack/.local/share/mise/installs/kubectl/1.36.1:/Users/acehack/.local/share/mise/installs/helm/4.2.0/darwin-arm64:/Users/acehack/.local/share/mise/installs/node/24/bin:/Users/acehack/.local/share/mise/installs/npm-markdownlint-cli2/0.22.1/bin:/Users/acehack/.local/share/mise/installs/pipx-semgrep/1.161.0/bin:/Users/acehack/.dotnet/tools:/opt/homebrew/Caskroom/miniforge/base/envs/max/bin:/opt/homebrew/Caskroom/miniforge/base/condabin:/Users/acehack/Documents/src/repos/emsdk:/Users/acehack/Documents/src/repos/emsdk/upstream/emscripten:/Users/acehack/.local/bin:/Users/acehack/.nix-profile/bin:/nix/var/nix/profiles/default/bin:/Users/acehack/.elan/bin:/Applications/iTerm.app/Contents/Resources/utilities:/Users/acehack/.foundry/bin:/Users/acehack/.dapr/bin:/Users/acehack/.cargo/bin:/Users/acehack/.modular/pkg/packages.modular.com_max/bin:/usr/local/bin
SHELL=/bin/zsh
LANG=en_US.UTF-8
TERM=xterm-256color
TMPDIR=/var/folders/ln/xj3yny_946xc3hqyby4s6lh80000gn/T/

Active Locale:
LC_ALL=en_US.UTF-8
LC_COLLATE=en_US.UTF-8
LC_CTYPE=en_US.UTF-8
LC_MESSAGES=en_US.UTF-8
LC_MONETARY=en_US.UTF-8
LC_NUMERIC=en_US.UTF-8
LC_TIME=en_US.UTF-8

Signal Handlers:
   SIGSEGV: crash_handler in libjvm.dylib, mask=11100110000111110111111111111111, flags=SA_ONSTACK|SA_RESTART|SA_SIGINFO, unblocked
    SIGBUS: crash_handler in libjvm.dylib, mask=11100110000111110111111111111111, flags=SA_RESTART|SA_SIGINFO, unblocked
    SIGFPE: crash_handler in libjvm.dylib, mask=11100110000111110111111111111111, flags=SA_RESTART|SA_SIGINFO, unblocked
   SIGPIPE: javaSignalHandler in libjvm.dylib, mask=11100110000111110111111111111111, flags=SA_RESTART|SA_SIGINFO, blocked
   SIGXFSZ: javaSignalHandler in libjvm.dylib, mask=11100110000111110111111111111111, flags=SA_RESTART|SA_SIGINFO, blocked
    SIGILL: crash_handler in libjvm.dylib, mask=11100110000111110111111111111111, flags=SA_RESTART|SA_SIGINFO, unblocked
   SIGUSR2: SR_handler in libjvm.dylib, mask=00000000000000000000000000000000, flags=SA_RESTART|SA_SIGINFO, blocked
    SIGHUP: UserHandler in libjvm.dylib, mask=11100110000111110111111111111111, flags=SA_RESTART|SA_SIGINFO, blocked
    SIGINT: UserHandler in libjvm.dylib, mask=11100110000111110111111111111111, flags=SA_RESTART|SA_SIGINFO, blocked
   SIGTERM: UserHandler in libjvm.dylib, mask=11100110000111110111111111111111, flags=SA_RESTART|SA_SIGINFO, blocked
   SIGQUIT: UserHandler in libjvm.dylib, mask=11100110000111110111111111111111, flags=SA_RESTART|SA_SIGINFO, blocked
   SIGTRAP: crash_handler in libjvm.dylib, mask=11100110000111110111111111111111, flags=SA_RESTART|SA_SIGINFO, unblocked


Compilation memory statistics disabled.

Periodic native trim disabled

---------------  S Y S T E M  ---------------

OS:
uname: Darwin 25.4.0 Darwin Kernel Version 25.4.0: Thu Mar 19 19:31:17 PDT 2026; root:xnu-12377.101.15~1/RELEASE_ARM64_T6020 arm64
OS uptime: 7 days 2:47 hours
rlimit (soft/hard): STACK 8176k/65520k , CORE 0k/infinity , NPROC 10666/10666 , NOFILE 1048576/infinity , AS infinity/infinity , CPU infinity/infinity , DATA infinity/infinity , FSIZE infinity/infinity , MEMLOCK infinity/infinity , RSS infinity/infinity
load average: 5.18 4.00 3.66

CPU: total 24 (initial active 24) 0x61:0x0:0xda33d83d:0, fp, asimd, aes, pmull, sha1, sha256, crc32, lse, sha3, sha512, sb
machdep.cpu.brand_string:Apple M2 Ultra
hw.cachelinesize:128
hw.l1icachesize:131072
hw.l1dcachesize:65536
hw.l2cachesize:4194304

Memory: 16k page, physical 201326592k(131519216k free), swap 0k(0k free)

vm_info: OpenJDK 64-Bit Server VM (26+35-2893) for bsd-aarch64 JRE (26+35-2893), built on 2026-02-12T17:04:02Z with clang Apple LLVM 15.0.0 (clang-1500.3.9.4)

END.
